NAME_1	1 MOBILE LTD|1 MOBILE LIMITED
NAME_2	1 TECH LTD|1 TECH LIMITED
NAME_3	23 SNAPS LIMITED|23 SNAPS LTD
NAME_4	2E2 SERVICES LIMITED|2E2 SERVICES LTD
NAME_5	2E2 UK LIMITED|2E2 UK LTD|2E2 UNITED KINGDOM LIMITED
NAME_6	40 50 MEDIA LIMITED|40 50 MEDIA LTD
NAME_7	4D DATA CENTRES LIMITED|4D DATA CENTRES LTD
NAME_8	4GETMOBILE LTD|4GETMOBILE LIMITED
NAME_9	4SL CONSULTING LTD|4SL CONSULTING LIMITED
NAME_10	4TC SERVICES LTD|4TC SERVICES LIMITED
NAME_11	A-INFINITY LIMITED|A-INFINITY LTD
NAME_12	A-TEK SOLUTIONS LTD|A-TEK SOLUTIONS LIMITED
NAME_13	A.I. TALENT LIMITED|A.I. TALENT LTD
NAME_14	AAA CONSULT LIMITED|AAA CONSULT LTD
NAME_15	AARDVARK UPRISING LTD|AARDVARK UPRISING LIMITED|AAROADVARK UPRISING LIMITED
NAME_16	AB TECHSYS LIMITED|AB TECHSYS LTD
NAME_17	ABLINX LTD|ABLINX LIMITED
NAME_18	ABSU LIMITED|ABSU LTD
NAME_19	ABV SOLUTIONS LTD|ABV SOLUTIONS LIMITED
NAME_20	ACTION FOR THE FUTURE LIMITED|ACTION FOR THE FUTURE LTD
NAME_21	ACTIVATED THINKING LIMITED|ACTIVATED THINKING LTD
NAME_22	ACTIVON PROJECTS LIMITED|ACTIVON PROJECTS LTD
NAME_23	ACTURIS LTD|ACTURIS LIMITED
NAME_24	AD PEPPER MEDIA UNITED KINGDOM LIMITED|AD PEPPER MEDIA UK LTD|AD PEPPER MEDIA UK LIMITED
NAME_25	ADCOMPASS LIMITED.|ADCOMPASS LTD.
NAME_26	ADD TO CART LTD|ADD TO CART LIMITED
NAME_27	ADFORM LONDON LIMITED|ADFORM LONDON LTD|ADFORM CITY OF LONDON LIMITED
NAME_28	ADLUDIO LTD|ADLUDIO LIMITED
NAME_29	AFIN-IT GROUP LIMITED|AFIN-IT GROUP LTD
NAME_30	AFTER THE FLOOD LIMITED|AFTER THE FLOOD LTD
NAME_31	AGILE ALLIANCE LIMITED|AGILE ALLIANCE LTD
NAME_32	AGM SOLUTIONS LIMITED|AGM SOLUTIONS LTD
NAME_33	AGOC DIGITAL PRIVATE LIMITED|AGOC DIGITAL PRIVATE LTD
NAME_34	AI CONTROLPOINT LIMITED|AI CONTROLPOINT LTD
NAME_35	AIM ITC LTD|AIM ITC LIMITED
NAME_36	ALCHEMYWORKS LTD|ALCHEMYWORKS LIMITED
NAME_37	ALCHERA TECHNOLOGIES LTD|ALCHERA TECHNOLOGIES LIMITED
NAME_38	ALMARADIX LIMITED|ALMARADIX LTD
NAME_39	ALTIASERVICES LTD.|ALTIASERVICES LIMITED.
NAME_40	ALTIATECH LIMITED|ALTIATECH LTD
NAME_41	AM TECHNICAL LIMITED|AM TECHNICAL LTD
NAME_42	AMBIENCE INVESTMENT LTD|AMBIENCE INVESTREETMENT LTD|AMBIENCE INVESTMENT LIMITED
NAME_43	AMISSION LIMITED|AMISSION LTD
NAME_44	AMLEU SOFTWARE DEVELOPMENT UK LTD|AMLEU SOFTWARE DEVELOPMENT UK LIMITED|AMLEU SOFTWARE DEVELOPMENT UNITED KINGDOM LIMITED
NAME_45	ANGELLIST LTD|ANGELLIST LIMITED|ANGELLISTREET LIMITED
NAME_46	ANGLO PAK SOLUTION LTD|ANGLO PAK SOLUTION LIMITED
NAME_47	ANOMALIES LIMITED|ANOMALIES LTD
NAME_48	ANVIL RECRUITMENT LIMITED|ANVIL RECRUITMENT LTD
NAME_49	APP-ALACARTE LIMITED|APP-ALACARTE LTD
NAME_50	APPDRAGON LTD|APPDRAGON LIMITED
NAME_51	ARCHON DEVELOPMENT UK LTD|ARCHON DEVELOPMENT UNITED KINGDOM LTD|ARCHON DEVELOPMENT UK LIMITED
NAME_52	ARCTOUS LIMITED|ARCTOUS LTD
NAME_53	ARCTREE CONSULTING LTD|ARCTREE CONSULTING LIMITED
NAME_54	AREZA LTD|AREZA LIMITED
NAME_55	ARGUS INTELLIGENCE LTD|ARGUS INTELLIGENCE LIMITED
NAME_56	ARKA ASSOCIATES LTD|ARKA ASSOCIATES LIMITED
NAME_57	ARROW DIGITAL MEDIA PRIVATE LIMITED|ARROW DIGITAL MEDIA PRIVATE LTD
NAME_58	ARTANEON LTD|ARTANEON LIMITED
NAME_59	ARTESAN STUDIOS LIMITED|ARTESAN STREETUDIOS LIMITED|ARTESAN STUDIOS LTD
NAME_60	ARTLINES MEDIA LTD|ARTLINES MEDIA LIMITED
NAME_61	ARUBACLOUD LTD|ARUBACLOUD LIMITED
NAME_62	ASITY LTD|ASITY LIMITED
NAME_63	ASSERTIVE MEDIA SOLUTIONS LIMITED|ASSERTIVE MEDIA SOLUTIONS LTD
NAME_64	ASSET ICT LIMITED|ASSET ICT LTD
NAME_65	ATRI SERVICES LTD|ATRI SERVICES LIMITED
NAME_66	ATTICMEDIA LIMITED|ATTICMEDIA LTD
NAME_67	AUDEZA LIMITED|AUDEZA LTD
NAME_68	AVENIR TECHNOLOGY LTD|AVENIR TECHNOLOGY LIMITED|AVENUENIR TECHNOLOGY LIMITED
NAME_69	AYIMA LIMITED|AYIMA LTD
NAME_70	AYSCIO LIMITED|AYSCIO LTD
NAME_71	AZUROS LIMITED|AZUROS LTD
NAME_72	BABY BEAUTY GROUP LIMITED.|BABY BEAUTY GROUP LTD.
NAME_73	BACKUP AND RUNNING PLC
NAME_74	BCSG LIMITED|BCSG LTD
NAME_75	BEDBUG STUDIO LTD|BEDBUG STREETUDIO LTD|BEDBUG STUDIO LIMITED
NAME_76	BEDROOM LONDON LIMITED|BEDROOM LONDON LTD|BEDROOM CITY OF LONDON LIMITED
NAME_77	BEMOIR LTD|BEMOIR LIMITED
NAME_78	BEN YOUNG CONSULTANCY LIMITED|BEN YOUNG CONSULTANCY LTD
NAME_79	BETTER CITIES LIMITED|BETTER CITIES LTD
NAME_80	BETTER WEB SOLUTIONS LIMITED|BETTER WEB SOLUTIONS LTD
NAME_81	BIFF TRADING LTD|BIFF TRADING LIMITED
NAME_82	BIOSCITEX LTD.|BIOSCITEX LIMITED.
NAME_83	BITOK LTD|BITOK LIMITED
NAME_84	BIZ ANALYSIS SERVICES LTD|BIZ ANALYSIS SERVICES LIMITED
NAME_85	BLAHTECH LIMITED|BLAHTECH LTD
NAME_86	BLANCHE SYSTREETEMS LIMITED|BLANCHE SYSTEMS LIMITED|BLANCHE SYSTEMS LTD
NAME_87	BLINKIT LTD|BLINKIT LIMITED
NAME_88	BLUE VISION CONSULTING LTD|BLUE VISION CONSULTING LIMITED
NAME_89	BLUESHED.CO.UK LTD|BLUESHED.CO.UNITED KINGDOM LIMITED|BLUESHED.CO.UK LIMITED
NAME_90	BM STREETUDIOS LIMITED|BM STUDIOS LTD|BM STUDIOS LIMITED
NAME_91	BODOR LIMITED|BODOR LTD
NAME_92	BOENISCH LIMITED|BOENISCH LTD
NAME_93	BOLYX INVESTMENTS LTD|BOLYX INVESTMENTS LIMITED|BOLYX INVESTREETMENTS LIMITED
NAME_94	BONDSMEN GROUP LIMITED|BONDSMEN GROUP LTD
NAME_95	BORDER CAPITAL LIMITED|BORDER CAPITAL LTD|BOROADER CAPITAL LIMITED
NAME_96	BORNE DIGITAL LTD|BORNE DIGITAL LIMITED
NAME_97	BOWATER DATA SERVICES LTD|BOWATER DATA SERVICES LIMITED
NAME_98	BRADLINK LIMITED|BRADLINK LTD
NAME_99	BRAINSHOWCASE LTD|BRAINSHOWCASE LIMITED
NAME_100	BRAVOSOLUTION TECHNOLOGIES LIMITED|BRAVOSOLUTION TECHNOLOGIES LTD
NAME_101	BRILLIO UNITED KINGDOM LIMITED|BRILLIO UK LIMITED|BRILLIO UK LTD
NAME_102	BRISQQ LTD.|BRISQQ LIMITED.
NAME_103	BROADBAND &  HOSTING UK LTD|BROADBAND &  HOSTREETING UK LIMITED|BROADBAND &  HOSTING UK LIMITED|BROADBAND &  HOSTING UNITED KINGDOM LIMITED|BRDBAND &  HOSTING UK LIMITED
NAME_104	BT CORNWALL LIMITED|BT CORNWALL LTD
NAME_105	BT LANCASHIRE SERVICES LIMITED|BT LANCASHIRE SERVICES LTD
NAME_106	BURSTREET TIMES LIMITED|BURST TIMES LIMITED|BURST TIMES LTD
NAME_107	BUSINESS CENTRIC SERVICES GROUP LIMITED|BUSINESS CENTRIC SERVICES GROUP LTD
NAME_108	BYNDER LTD|BYNDER LIMITED
NAME_109	CABLETECH NETWORKS LTD|CABLETECH NETWORKS LIMITED
NAME_110	CAIMAN COMMUNICATIONS LIMITED|CAIMAN COMMUNICATIONS LTD
NAME_111	CALLSQUAD LIMITED|CALLSQUAD LTD
NAME_112	CAMFOLIO LTD|CAMFOLIO LIMITED
NAME_113	CAPILLA LTD|CAPILLA LIMITED
NAME_114	CARRINGTON SOLUTIONS LIMITED|CARRINGTON SOLUTIONS LTD
NAME_115	CASE ANALYSIS SOLUTIONS LTD|CASE ANALYSIS SOLUTIONS LIMITED
NAME_116	CASH ON MOBILE LTD|CASH ON MOBILE LIMITED
NAME_117	CATIPH SERVICES LTD|CATIPH SERVICES LIMITED
NAME_118	CEE CHANGERS LIMITED|CEE CHANGERS LTD
NAME_119	CEELOGIC LIMITED|CEELOGIC LTD
NAME_120	CELERITY INFORMATION SERVICES LTD|CELERITY INFORMATION SERVICES LIMITED
NAME_121	CENTRILLIUM LIMITED|CENTRILLIUM LTD
NAME_122	CHANNEL-C LTD|CHANNEL-C LIMITED
NAME_123	CHERRYPICKIT LTD|CHERRYPICKIT LIMITED
NAME_124	CHI DIGITAL DESIGN LIMITED.|CHI DIGITAL DESIGN LTD.
NAME_125	CHOCOLATEY LIMITED|CHOCOLATEY LTD
NAME_126	CIRCUIT BAKERY LTD|CIRCUIT BAKERY LIMITED
NAME_127	CISILION (GROUP) LIMITED|CISILION (GROUP) LTD
NAME_128	CISILION LTD|CISILION LIMITED
NAME_129	CLEAR CONSULTING LIMITED|CLEAR CONSULTING LTD
NAME_130	CLEBBR LIMITED|CLEBBR LTD
NAME_131	CLICK A SERVICE LIMITED|CLICK A SERVICE LTD
NAME_132	CLICK PERFORMANCE LIMITED|CLICK PERFORMANCE LTD
NAME_133	CLICK PROFITS LTD|CLICK PROFITS LIMITED
NAME_134	CLICKS2CUSTREETOMERS (UK) LIMITED|CLICKS2CUSTOMERS (UK) LIMITED|CLICKS2CUSTOMERS (UNITED KINGDOM) LIMITED|CLICKS2CUSTOMERS (UK) LTD
NAME_135	CLICKUNI LTD|CLICKUNI LIMITED
NAME_136	CLIENTWIRE LIMITED|CLIENTWIRE LTD
NAME_137	CLOUD VEND LIMITED|CLOUD VEND LTD
NAME_138	CLOUDBIZ LIMITED|CLOUDBIZ LTD
NAME_139	CLOUDE-SCORM LIMITED|CLOUDE-SCORM LTD
NAME_140	CLOUDIFIE LTD|CLOUDIFIE LIMITED
NAME_141	CO-D LONDON LIMITED|CO-D CITY OF LONDON LIMITED|CO-D LONDON LTD
NAME_142	COBWEB OUTSOURCE LIMITED|COBWEB OUTSOURCE LTD
NAME_143	COGNITIVE FINANCE GROUP LIMITED|COGNITIVE FINANCE GROUP LTD
NAME_144	COGNITIVE OPTIMUM LTD|COGNITIVE OPTIMUM LIMITED
NAME_145	COLLABERA EUROPE LTD|COLLABERA EUROPE LIMITED
NAME_146	COLUX RECRUITMENT LTD|COLUX RECRUITMENT LIMITED
NAME_147	COMMERA CAPITAL LTD|COMMERA CAPITAL LIMITED
NAME_148	COMPIT COMPUTING LIMITED|COMPIT COMPUTING LTD
NAME_149	COMPOUND FREEDOM LTD|COMPOUND FREEDOM LIMITED
NAME_150	COMPUSERVICES LTD|COMPUSERVICES LIMITED
NAME_151	COMPUTAGEEKS LIMITED|COMPUTAGEEKS LTD
NAME_152	COMPUTER TERRORISM (UK) LTD|COMPUTER TERRORISM (UK) LIMITED|COMPUTER TERRORISM (UNITED KINGDOM) LTD
NAME_153	COMYOUCOM LTD|COMYOUCOM LIMITED
NAME_154	CONCRETE MEDIA LTD|CONCRETE MEDIA LIMITED
NAME_155	CONSERP LIMITED|CONSERP LTD
NAME_156	CONSULTING SPIRIT LTD|CONSULTING SPIRIT LIMITED
NAME_157	CONSUMERTHINK UNITED KINGDOM LTD|CONSUMERTHINK UK LIMITED|CONSUMERTHINK UK LTD
NAME_158	CONTEC-GLOBAL LIMITED|CONTEC-GLOBAL LTD
NAME_159	CONTORNO-INK LIMITED|CONTORNO-INK LTD
NAME_160	COOLEA DEVELOPERS LIMITED|COOLEA DEVELOPERS LTD
NAME_161	CRAFTS AND LOOMS LTD|CRAFTS AND LOOMS LIMITED
NAME_162	CRASH MEDIA GROUP LIMITED|CRASH MEDIA GROUP LTD
NAME_163	CREATIVENERDS LIMITED|CREATIVENEROADS LTD|CREATIVENERDS LTD
NAME_164	CREDIT MARKET ANALYSIS LTD|CREDIT MARKET ANALYSIS LIMITED
NAME_165	CRESCENDO WORLDWIDE LTD|CRESCENDO WORLDWIDE LIMITED
NAME_166	CRIBFINDER LIMITED|CRIBFINDER LTD
NAME_167	CROGTECH LIMITED|CROGTECH LTD
NAME_168	CROSSITE LIMITED|CROSSITE LTD
NAME_169	CROWDSCORES LIMITED|CROWDSCORES LTD
NAME_170	CRUCIAL MEDIA GROUP LIMITED.|CRUCIAL MEDIA GROUP LTD.
NAME_171	CSVCONSULT LTD|CSVCONSULT LIMITED
NAME_172	CT CONSULTANTS LTD|CT CONSULTANTS LIMITED
NAME_173	CTS TECHNOLOGY LIMITED|CTS TECHNOLOGY LTD
NAME_174	CUBE 33 DESIGN LIMITED|CUBE 33 DESIGN LTD
NAME_175	CUBE19 LTD|CUBE19 LIMITED
NAME_176	CYBACORE LIMITED|CYBACORE LTD
NAME_177	CYBERISK SECURITY SOLUTION (UNITED KINGDOM) LIMITED|CYBERISK SECURITY SOLUTION (UK) LTD|CYBERISK SECURITY SOLUTION (UK) LIMITED
NAME_178	DALMARTIN LTD|DALMARTIN LIMITED
NAME_179	DANDAN DIGITAL LIMITED|DANDAN DIGITAL LTD
NAME_180	DAOTEC LIMITED|DAOTEC LTD
NAME_181	DASHHOUND LTD|DASHHOUND LIMITED
NAME_182	DATA SYNOPSIS LTD|DATA SYNOPSIS LIMITED
NAME_183	DAZZLE TECHNOLOGY LIMITED|DAZZLE TECHNOLOGY LTD
NAME_184	DC INTELLIGENCE LTD|DC INTELLIGENCE LIMITED
NAME_185	DEALPIPS LTD|DEALPIPS LIMITED
NAME_186	DECIMAL FACTOR SOFTWARE LIMITED|DECIMAL FACTOR SOFTWARE LTD
NAME_187	DECODE DIGITAL LTD|DECODE DIGITAL LIMITED
NAME_188	DEENATH LTD|DEENATH LIMITED
NAME_189	DELBRY LTD|DELBRY LIMITED
NAME_190	DELIVER BRAND MARKETING LIMITED|DELIVER BRAND MARKETING LTD
NAME_191	DENTAL BUSINESS BUTLERS LTD|DENTAL BUSINESS BUTLERS LIMITED
NAME_192	DESIGN AND PROSPER LTD|DESIGN AND PROSPER LIMITED
NAME_193	DESIGN FOR ME LTD|DESIGN FOR ME LIMITED
NAME_194	DESIGNOPOLY LTD|DESIGNOPOLY LIMITED
NAME_195	DHPM LIMITED|DHPM LTD
NAME_196	DIG CITY OF LONDON LIMITED|DIG LONDON LIMITED|DIG LONDON LTD
NAME_197	DIGIPOLIS LTD|DIGIPOLIS LIMITED
NAME_198	DIGITAL ACUMEN PLC
NAME_199	DIGITAL CAPACITY LIMITED|DIGITAL CAPACITY LTD
NAME_200	DIGITAL GOODS STREETORE LTD|DIGITAL GOODS STORE LIMITED|DIGITAL GOODS STORE LTD
NAME_201	DIGITAL HUB MEDIA PRIVATE LIMITED|DIGITAL HUB MEDIA PRIVATE LTD
NAME_202	DIGITAL INCLUSION TECHNOLOGY GROUP (CST PROGRAMMES) LIMITED|DIGITAL INCLUSION TECHNOLOGY GROUP (CST PROGRAMMES) LTD|DIGITAL INCLUSION TECHNOLOGY GROUP (CSTREET PROGRAMMES) LIMITED
NAME_203	DIGITAL INCLUSION TECHNOLOGY GROUP (IAP) LTD|DIGITAL INCLUSION TECHNOLOGY GROUP (IAP) LIMITED
NAME_204	DIGITAL INK DROP C.I.C.
NAME_205	DIMANCHE LTD|DIMANCHE LIMITED
NAME_206	DISPATCH MESSENGER LIMITED|DISPATCH MESSENGER LTD
NAME_207	DMS NETWORK LIMITED|DMS NETWORK LTD
NAME_208	DOMAIN SECURITIES LTD|DOMAIN SECURITIES LIMITED
NAME_209	DREAMBYTE STREETUDIO LTD|DREAMBYTE STUDIO LIMITED|DREAMBYTE STUDIO LTD
NAME_210	DREW AND GREGORIES LTD|DREW AND GREGORIES LIMITED
NAME_211	DRG TEC LIMITED|DRG TEC LTD
NAME_212	DRP WICKHAM CONSULTANCY LTD|DRP WICKHAM CONSULTANCY LIMITED
NAME_213	DT TECHNOLOGY LTD|DT TECHNOLOGY LIMITED
NAME_214	DTM INVEST LIMITED|DTM INVEST LTD|DTM INVESTREET LIMITED
NAME_215	E&S SOFTWARE LIMITED|E&S SOFTWARE LTD
NAME_216	EALING MANAGEMENT ACCOUNTANCY LIMITED|EALING MANAGEMENT ACCOUNTANCY LTD
NAME_217	EASYWARE SOFTWARE SOLUTIONS LTD|EASYWARE SOFTWARE SOLUTIONS LIMITED
NAME_218	EC1 TECHNOLOGIES LTD|EC1 TECHNOLOGIES LIMITED
NAME_219	ECHOSIXTY LIMITED|ECHOSIXTY LTD
NAME_220	EI SQUARE LIMITED|EI SQ LIMITED|EI SQUARE LTD
NAME_221	EKTBLY LTD|EKTBLY LIMITED
NAME_222	ELECTRONIC MARKET SYSTEMS LIMITED|ELECTRONIC MARKET SYSTEMS LTD|ELECTRONIC MARKET SYSTREETEMS LTD
NAME_223	ELITE TECHNOLOGICAL SOLUTIONS LTD|ELITE TECHNOLOGICAL SOLUTIONS LIMITED
NAME_224	ENRO SOLUTIONS LIMITED|ENRO SOLUTIONS LTD
NAME_225	ENTROM LTD|ENTROM LIMITED
NAME_226	ENVISION MEDIA &  PUBLICATIONS LTD|ENVISION MEDIA &  PUBLICATIONS LIMITED
NAME_227	EQ ENTERPRISES LIMITED|EQ ENTERPRISES LTD
NAME_228	ERICA LABS LTD|ERICA LABS LIMITED
NAME_229	ESCHMANN LIMITED|ESCHMANN LTD
NAME_230	ESTORA LIMITED|ESTREETORA LTD|ESTORA LTD
NAME_231	EUMIS LTD|EUMIS LIMITED
NAME_232	EUREKA NETWORKS LIMITED|EUREKA NETWORKS LTD
NAME_233	EUROPEAN CENTRE FOR RESEARCH &  CONSULTANCY LIMITED|EUROPEAN CENTRE FOR RESEARCH &  CONSULTANCY LTD
NAME_234	EVA GALO LTD.|EVA GALO LIMITED.
NAME_235	EVORI LIMITED|EVORI LTD
NAME_236	EXACT EDITIONS LIMITED|EXACT EDITIONS LTD
NAME_237	EXCEL IT TECHNOLOGIES LTD|EXCEL IT TECHNOLOGIES LIMITED
NAME_238	EXPATGLOBAL LIMITED|EXPATGLOBAL LTD
NAME_239	EXPOSHOPS LTD|EXPOSHOPS LIMITED
NAME_240	EXTREME ELECTRONICS LIMITED.|EXTREME ELECTRONICS LTD.
NAME_241	EXWAL LIMITED.|EXWAL LTD.
NAME_242	F6S NETWORK LIMITED|F6S NETWORK LTD
NAME_243	FACTOM FOUNDATION LIMITED|FACTOM FOUNDATION LTD
NAME_244	FALLYFIN IT &  ELECTRONICS LIMITED.|FALLYFIN IT &  ELECTRONICS LTD.
NAME_245	FAN DOMAINS LTD|FAN DOMAINS LIMITED
NAME_246	FARNTRON LIMITED|FARNTRON LTD
NAME_247	FEELSFLOW LTD|FEELSFLOW LIMITED
NAME_248	FENERGO UK LTD|FENERGO UNITED KINGDOM LIMITED|FENERGO UK LIMITED
NAME_249	FENGSTONE UK LIMITED|FENGSTONE UNITED KINGDOM LTD|FENGSTONE UK LTD|FENGSTREETONE UK LTD
NAME_250	FINTIA LTD|FINTIA LIMITED
NAME_251	FIRE MEDIA INTERACTIVE LIMITED|FIRE MEDIA INTERACTIVE LTD
NAME_252	FIREBIRD MEDIA LIMITED|FIREBIROAD MEDIA LIMITED|FIREBIRD MEDIA LTD
NAME_253	FIRST EASYTEC LIMITED|FIRSTREET EASYTEC LTD|FIRST EASYTEC LTD
NAME_254	FISHEREK LIMITED|FISHEREK LTD
NAME_255	FLASH CLOUD SOLUTIONS LTD|FLASH CLOUD SOLUTIONS LIMITED
NAME_256	FLIP SPORTS LIMITED|FLIP SPORTS LTD
NAME_257	FLOWSTATE LIMITED|FLOWSTREETATE LIMITED|FLOWSTATE LTD
NAME_258	FLOYD TECHNOLOGIES LTD|FLOYD TECHNOLOGIES LIMITED
NAME_259	FLUID ADS LIMITED|FLUID ADS LTD
NAME_260	FOOTFALLS LIMITED|FOOTFALLS LTD
NAME_261	FOR TOMORROW LIMITED|FOR TOMORROW LTD
NAME_262	FOREX ADVISER LTD|FOREX ADVISER LIMITED
NAME_263	FORIS HOLDINGS LIMITED|FORIS HOLDINGS LTD
NAME_264	FOURCUBE LIMITED|FOURCUBE LTD
NAME_265	FREAKINWARE LTD|FREAKINWARE LIMITED
NAME_266	FRIENDSHIPUK LTD|FRIENDSHIPUK LIMITED|FRIENDSHIPUNITED KINGDOM LTD
NAME_267	FROGNATION LTD.|FROGNATION LIMITED.
NAME_268	FRUUMI LTD|FRUUMI LIMITED
NAME_269	FUNKY LEMON WEB LTD|FUNKY LEMON WEB LIMITED
NAME_270	FURTHERMORE LIMITED|FURTHERMORE LTD
NAME_271	FUTURA TECHNOLOGIES LTD|FUTURA TECHNOLOGIES LIMITED
NAME_272	GENERALCONSULT LIMITED|GENERALCONSULT LTD
NAME_273	GENESIS GLOBAL TECHNOLOGY LIMITED|GENESIS GLOBAL TECHNOLOGY LTD
NAME_274	GENESIS TECHNOLOGY ARCHITECTURE LTD|GENESIS TECHNOLOGY ARCHITECTURE LIMITED
NAME_275	GEOHUBB LIMITED|GEOHUBB LTD
NAME_276	GEORGIE LIMITED|GEORGIE LTD
NAME_277	GHOSTERY LIMITED|GHOSTERY LTD|GHOSTREETERY LIMITED
NAME_278	GIOASS DOMAINS LIMITED|GIOASS DOMAINS LTD
NAME_279	GLOBAL PUBLISHING SOLUTIONS LTD|GLOBAL PUBLISHING SOLUTIONS LIMITED
NAME_280	GLOBAL TECHNOLOGY LONDON LIMITED|GLOBAL TECHNOLOGY LONDON LTD|GLOBAL TECHNOLOGY CITY OF LONDON LIMITED
NAME_281	GLOOMLASH INCORPORATION LIMITED|GLOOMLASH INCORPORATION LTD
NAME_282	GLOPAY LIMITED|GLOPAY LTD
NAME_283	GMCFAR LIMITED|GMCFAR LTD
NAME_284	GOCARDLESS LTD|GOCAROADLESS LTD|GOCARDLESS LIMITED
NAME_285	GOLDFISH DIGITAL MEDIA LTD|GOLDFISH DIGITAL MEDIA LIMITED
NAME_286	GOLDSTAR ELECTRONICS LTD|GOLDSTREETAR ELECTRONICS LTD|GOLDSTAR ELECTRONICS LIMITED
NAME_287	GOLFERS' MATCH LIMITED|GOLFERS' MATCH LTD
NAME_288	GOMABU LIMITED|GOMABU LTD
NAME_289	GOOD IDEAS FOR INTERNET LIMITED|GOOD IDEAS FOR INTERNET LTD
NAME_290	GOTHAM STREET UK LTD|GOTHAM STREET UNITED KINGDOM LIMITED|GOTHAM STREET UK LIMITED|GOTHAM ST UK LIMITED|GOTHAM STREETREET UK LIMITED
NAME_291	GREEN FIELDS TECHNOLOGY LTD|GREEN FIELDS TECHNOLOGY LIMITED
NAME_292	GVC LTD|GVC LIMITED
NAME_293	GX2 TECHNOLOGY LIMITED|GX2 TECHNOLOGY LTD
NAME_294	HALAL SPOT LTD|HALAL SPOT LIMITED
NAME_295	HANDYMARTIAN LTD|HANDYMARTIAN LIMITED
NAME_296	HAYFORD RECRUITMENT LIMITED|HAYFOROAD RECRUITMENT LIMITED|HAYFORD RECRUITMENT LTD
NAME_297	HAZELTREE TREASURY UK LIMITED.|HAZELTREE TREASURY UK LTD.|HAZELTREE TREASURY UNITED KINGDOM LTD.
NAME_298	HCF AUTOMATION LTD|HCF AUTOMATION LIMITED
NAME_299	HEALTHFORGE LIMITED|HEALTHFORGE LTD
NAME_300	HIGHGOLD COMMUNICATIONS LTD|HIGHGOLD COMMUNICATIONS LIMITED
NAME_301	HOB CONSULTING LTD|HOB CONSULTING LIMITED
NAME_302	HOMES YOU SHARE LTD|HOMES YOU SHARE LIMITED
NAME_303	HOPESTEAD MANAGEMENT LTD|HOPESTEAD MANAGEMENT LIMITED|HOPESTREETEAD MANAGEMENT LTD
NAME_304	HU BU LIMITED|HU BU LTD
NAME_305	HUUPE LIMITED|HUUPE LTD
NAME_306	HYBRID SMART CONTRACTS MEDIA LIMITED|HYBRID SMART CONTRACTS MEDIA LTD
NAME_307	HYDROAUTOMATION LIMITED|HYDROAUTOMATION LTD
NAME_308	HYPERCYBERNETICS COMPUTATIONAL FINANCE RESEARCH CENTER LIMITED|HYPERCYBERNETICS COMPUTATIONAL FINANCE RESEARCH CENTER LTD
NAME_309	IDEABUILDER LIMITED|IDEABUILDER LTD
NAME_310	IDN PROJECTS LTD|IDN PROJECTS LIMITED
NAME_311	IGNITE UTILITY LTD|IGNITE UTILITY LIMITED
NAME_312	ILAB LTD|ILAB LIMITED
NAME_313	IMPORT.IO LIMITED|IMPORT.IO LTD
NAME_314	IMRAN BAIG MOBILE SOFTWARE TECHNOLOGIES LTD|IMRAN BAIG MOBILE SOFTWARE TECHNOLOGIES LIMITED
NAME_315	INCOMMON LIMITED|INCOMMON LTD
NAME_316	INFERENTIAL LIMITED|INFERENTIAL LTD
NAME_317	INFINITY HOT TUBS LIMITED|INFINITY HOT TUBS LTD
NAME_318	INFO STOR LTD|INFO STOR LIMITED|INFO STREETOR LIMITED
NAME_319	INFODOCS LTD|INFODOCS LIMITED
NAME_320	INFORMATION EXPERIENCE LTD|INFORMATION EXPERIENCE LIMITED
NAME_321	"INFORMATION SERVICES EXTENDED, UK LTD"|"INFORMATION SERVICES EXTENDED, UK LIMITED"|"INFORMATION SERVICES EXTENDED, UNITED KINGDOM LTD"
NAME_322	INFORMATION TECHNOLOGY EUROPE PUBLIC SECTOR LIMITED|INFORMATION TECHNOLOGY EUROPE PUBLIC SECTOR LTD
NAME_323	INFOSAAS LIMITED|INFOSAAS LTD
NAME_324	INFOSECO LIMITED|INFOSECO LTD
NAME_325	INFYLINE LIMITED|INFYLINE LTD
NAME_326	INGENIOUS BUSINESS SOLUTIONS LIMITED|INGENIOUS BUSINESS SOLUTIONS LTD
NAME_327	INKU CONSULTANTS LIMITED|INKU CONSULTANTS LTD
NAME_328	INNOVA8E LIMITED|INNOVA8E LTD
NAME_329	INSIGHT INTERNATIONAL (UNITED KINGDOM) LTD|INSIGHT INTL (UK) LTD|INSIGHT INTERNATIONAL (UK) LIMITED|INSIGHT INTERNATIONAL (UK) LTD
NAME_330	INSOLYTICS LTD|INSOLYTICS LIMITED
NAME_331	INSTAPRISE SOLUTIONS LIMITED|INSTAPRISE SOLUTIONS LTD|INSTREETAPRISE SOLUTIONS LIMITED
NAME_332	INTCOMMERCE LIMITED|INTCOMMERCE LTD
NAME_333	INTEGRATION AND SOFTWARE LIMITED|INTEGRATION AND SOFTWARE LTD
NAME_334	INTERFAX UK LTD|INTERFAX UK LIMITED|INTERFAX UNITED KINGDOM LIMITED
NAME_335	INTERNET E-MAIL LTD|INTERNET E-MAIL LIMITED
NAME_336	INTERPRETERS-ON-CALL LIMITED|INTERPRETERS-ON-CALL LTD
NAME_337	INTERPRETERSPORTAL LTD|INTERPRETERSPORTAL LIMITED
NAME_338	INVESTIN LTD|INVESTIN LIMITED|INVESTREETIN LTD
NAME_339	IOLOGICS LTD|IOLOGICS LIMITED
NAME_340	IONOVA LTD|IONOVA LIMITED
NAME_341	IPROCURE LTD|IPROCURE LIMITED
NAME_342	IPUBLIC SOLUTIONS LTD|IPUBLIC SOLUTIONS LIMITED
NAME_343	IQ PROFESSIONAL LIMITED|IQ PROFESSIONAL LTD
NAME_344	IQSYS SECURITY LIMITED|IQSYS SECURITY LTD
NAME_345	IRATEU LTD|IRATEU LIMITED
NAME_346	IRATEU VENTURES LTD|IRATEU VENTURES LIMITED
NAME_347	IRISATION LTD|IRISATION LIMITED
NAME_348	IS IT MEANT TO DO THAT? LIMITED|IS IT MEANT TO DO THAT? LTD
NAME_349	ISTREETOP KIOSKS LIMITED|ISTOP KIOSKS LIMITED|ISTOP KIOSKS LTD
NAME_350	IT SYSTEMS SOLUTIONS LTD|IT SYSTEMS SOLUTIONS LIMITED|IT SYSTREETEMS SOLUTIONS LIMITED
NAME_351	IT XPERT LTD|IT XPERT LIMITED
NAME_352	ITEXTPORTAL LTD|ITEXTPORTAL LIMITED
NAME_353	ITFINSG LTD|ITFINSG LIMITED
NAME_354	ITSALLWEDO LIMITED|ITSALLWEDO LTD
NAME_355	J.M. COMPUTING LTD|J.M. COMPUTING LIMITED
NAME_356	JABO LTD|JABO LIMITED
NAME_357	JAJ CAPITAL LIMITED|JAJ CAPITAL LTD
NAME_358	JARVIS MARKETING LTD|JARVIS MARKETING LIMITED
NAME_359	JAVELIN BROADBAND LTD|JAVENUELIN BROADBAND LIMITED|JAVELIN BRDBAND LIMITED|JAVELIN BROADBAND LIMITED
NAME_360	JIGZONE.COM LTD|JIGZONE.COM LIMITED
NAME_361	JINITO LIMITED|JINITO LTD
NAME_362	JMC. IT GROUP LTD|JMC. IT GROUP LIMITED
NAME_363	JS INFORMATION SYSTEMS LIMITED|JS INFORMATION SYSTREETEMS LIMITED|JS INFORMATION SYSTEMS LTD
NAME_364	JULIUS CAESAR CONSULTANCY LIMITED|JULIUS CAESAR CONSULTANCY LTD
NAME_365	JWR TRADING LIMITED|JWR TRADING LTD
NAME_366	KANDOLA LUXURIES LTD|KANDOLA LUXURIES LIMITED
NAME_367	KARTEPAY TECHNOLOGIES LTD|KARTEPAY TECHNOLOGIES LIMITED
NAME_368	KAWIKY LTD|KAWIKY LIMITED
NAME_369	KEEBOO UK LIMITED|KEEBOO UNITED KINGDOM LTD|KEEBOO UK LTD
NAME_370	KEEP IT SIMPLE LIMITED|KEEP IT SIMPLE LTD
NAME_371	KEMLING LIMITED|KEMLING LTD
NAME_372	KENNETIQ LIMITED.|KENNETIQ LTD.
NAME_373	KETZEN LIMITED|KETZEN LTD
NAME_374	KINGSTREETON WEB SERVICES LIMITED|KINGSTON WEB SERVICES LIMITED|KINGSTON WEB SERVICES LTD
NAME_375	KITENZI LTD|KITENZI LIMITED
NAME_376	KIWANO LIMITED|KIWANO LTD
NAME_377	KIYATA LIMITED|KIYATA LTD
NAME_378	KLARKWERK LIMITED|KLARKWERK LTD
NAME_379	KNOWLEDGE WORKERS LIMITED|KNOWLEDGE WORKERS LTD
NAME_380	KUKZY TECHNOLOGIES LIMITED|KUNITED KINGDOMZY TECHNOLOGIES LIMITED|KUKZY TECHNOLOGIES LTD
NAME_381	LABGRAPHIQUE. LIMITED|LABGRAPHIQUE. LTD
NAME_382	LADIES SAFE LTD|LADIES SAFE LIMITED
NAME_383	LAPTOPFRIENDLY LIMITED|LAPTOPFRIENDLY LTD
NAME_384	LATTISPHERE LIMITED|LATTISPHERE LTD
NAME_385	LAUGHTON IT SERVICES LTD|LAUGHTON IT SERVICES LIMITED
NAME_386	LAURENCE POSTREETGATE LIMITED|LAURENCE POSTGATE LIMITED|LAURENCE POSTGATE LTD
NAME_387	LAZY FACTORY LIMITED|LAZY FACTORY LTD
NAME_388	LEAD LOGIC LTD|LEAD LOGIC LIMITED
NAME_389	LEAN PERSPECTIVE LTD|LEAN PERSPECTIVE LIMITED
NAME_390	LEFT SHIFT IT LIMITED|LEFT SHIFT IT LTD
NAME_391	LEGALEYE (INTERNATIONAL) LTD|LEGALEYE (INTL) LIMITED|LEGALEYE (INTERNATIONAL) LIMITED
NAME_392	LEGALSURE LTD|LEGALSURE LIMITED
NAME_393	LEMON YETI MEDIA LTD|LEMON YETI MEDIA LIMITED
NAME_394	LENDERWIZE LTD|LENDERWIZE LIMITED
NAME_395	LENOLA LIMITED|LENOLA LTD
NAME_396	LIFE DESIGN GROUP LTD|LIFE DESIGN GROUP LIMITED
NAME_397	LIGHTNESS IT LIMITED|LIGHTNESS IT LTD
NAME_398	LINKAGE DESIGN LIMITED|LINKAGE DESIGN LTD
NAME_399	LITTLEBIRD ONLINE LTD|LITTLEBIRD ONLINE LIMITED|LITTLEBIROAD ONLINE LTD
NAME_400	LIVE SMARTER LIMITED.|LIVE SMARTER LTD.
NAME_401	LOCALSTARS LTD|LOCALSTARS LIMITED|LOCALSTREETARS LTD
NAME_402	LOCATA (HOUSING SERVICES) LTD|LOCATA (HOUSING SERVICES) LIMITED
NAME_403	LOGIC REPLACE LIMITED|LOGIC REPLACE LTD|LOGIC REPL LIMITED
NAME_404	LOGIC SOFT LTD|LOGIC SOFT LIMITED
NAME_405	LOGINWORK LTD|LOGINWORK LIMITED
NAME_406	LOKI INTERNET LIMITED|LOKI INTERNET LTD
NAME_407	LONDON COLLEGE OF INFORMATION TECHNOLOGY LTD|CITY OF LONDON COLLEGE OF INFORMATION TECHNOLOGY LTD|LONDON COLLEGE OF INFORMATION TECHNOLOGY LIMITED
NAME_408	LOYALTY PRIME LIMITED|LOYALTY PRIME LTD
NAME_409	LUCKY YOU STREETUDIO LTD|LUCKY YOU STUDIO LIMITED|LUCKY YOU STUDIO LTD
NAME_410	LUMINEA IT SOLUTIONS LIMITED|LUMINEA IT SOLUTIONS LTD
NAME_411	LUPON MEDIA LTD|LUPON MEDIA LIMITED
NAME_412	LUX REPAIR LIMITED|LUX REPAIR LTD
NAME_413	LYCOM CORPORATION LIMITED|LYCOM CORPORATION LTD
NAME_414	LYTRIBE LTD|LYTRIBE LIMITED
NAME_415	M/A WORK LIMITED|M/A WORK LTD
NAME_416	MAC CREATIONS LTD|MAC CREATIONS LIMITED
NAME_417	MADDOX MARKETING LIMITED|MADDOX MARKETING LTD
NAME_418	MAGENTA IT CONSULTING LTD|MAGENTA IT CONSULTING LIMITED
NAME_419	MAGNETIC IT LTD|MAGNETIC IT LIMITED
NAME_420	MAILJET SAAS LTD|MAILJET SAAS LIMITED
NAME_421	MANAGIS LTD|MANAGIS LIMITED
NAME_422	MANDIANT LTD.|MANDIANT LIMITED.
NAME_423	MAR IT SERVICES LTD|MAR IT SERVICES LIMITED
NAME_424	MASTER IN RESEARCH LTD|MASTREETER IN RESEARCH LTD|MASTER IN RESEARCH LIMITED
NAME_425	MASTERING MEDIA (PRODUCTION ADVICE) LIMITED|MASTERING MEDIA (PRODUCTION ADVICE) LTD|MASTREETERING MEDIA (PRODUCTION ADVICE) LTD
NAME_426	MASTERS OF CEREMONIES LTD|MASTERS OF CEREMONIES LIMITED|MASTREETERS OF CEREMONIES LIMITED
NAME_427	MBA INFORMATION TECHNOLOGY LIMITED|MBA INFORMATION TECHNOLOGY LTD
NAME_428	MBA TECHNOLOGIES LTD|MBA TECHNOLOGIES LIMITED
NAME_429	MC ITS LTD|MC ITS LIMITED
NAME_430	MCLEOD ENTERPRISES LTD|MCLEOD ENTERPRISES LIMITED
NAME_431	MEDECAROAD LIMITED|MEDECARD LIMITED|MEDECARD LTD
NAME_432	MEDIA72 HOSTREETING LIMITED|MEDIA72 HOSTING LTD|MEDIA72 HOSTING LIMITED
NAME_433	MEGANETWORK LTD|MEGANETWORK LIMITED
NAME_434	MENDI ASSOCIATES LIMITED|MENDI ASSOCIATES LTD
NAME_435	MENUKOOL FOODS LIMITED|MENUNITED KINGDOMOOL FOODS LIMITED|MENUKOOL FOODS LTD
NAME_436	MILLHOUSE KAYSER LIMITED|MILLHOUSE KAYSER LTD
NAME_437	MINT DIGITAL LTD|MINT DIGITAL LIMITED
NAME_438	MIQAT TECHNOLOGIES LTD|MIQAT TECHNOLOGIES LIMITED
NAME_439	MISSINGLETTR LTD|MISSINGLETTR LIMITED
NAME_440	MOBILE TECTONICS LTD|MOBILE TECTONICS LIMITED
NAME_441	MONETIC LTD|MONETIC LIMITED
NAME_442	MONGOOSE GRAY LIMITED|MONGOOSE GRAY LTD
NAME_443	MOODAWAY LIMITED|MOODAWAY LTD
NAME_444	MORNINGSTAR EUROPE LTD|MORNINGSTAR EUROPE LIMITED|MORNINGSTREETAR EUROPE LIMITED
NAME_445	MORSE GROUP LTD|MORSE GROUP LIMITED
NAME_446	MOTION SOLUTIONS LTD|MOTION SOLUTIONS LIMITED
NAME_447	MPSCOTT LIMITED|MPSCOTT LTD
NAME_448	MTIVITY LIMITED|MTIVITY LTD
NAME_449	MULROONEY MEDIA LIMITED|MULROONEY MEDIA LTD
NAME_450	MUNKEY LIMITED|MUNKEY LTD
NAME_451	MX STREETUDIO LTD|MX STUDIO LTD|MX STUDIO LIMITED
NAME_452	MYBUSKS LTD|MYBUSKS LIMITED
NAME_453	MYCLOUDHOST LIMITED|MYCLOUDHOSTREET LIMITED|MYCLOUDHOST LTD
NAME_454	MYTODDLR LTD|MYTODDLR LIMITED
NAME_455	N.KO ENGINEERING LTD|N.KO ENGINEERING LIMITED
NAME_456	NANOTEMPER TECHNOLOGIES LIMITED|NANOTEMPER TECHNOLOGIES LTD
NAME_457	NARC INTERACTIVE SERVICES LIMITED|NARC INTERACTIVE SERVICES LTD
NAME_458	NATICI LTD|NATICI LIMITED
NAME_459	NATIVEAPPSTREETUDIO LTD|NATIVEAPPSTUDIO LTD|NATIVEAPPSTUDIO LIMITED
NAME_460	NCP SOFTWARE &  CONSULTANT LTD|NCP SOFTWARE &  CONSULTANT LIMITED
NAME_461	NCSOFT EUROPE LIMITED|NCSOFT EUROPE LTD
NAME_462	NEONSTREAM LTD|NEONSTREAM LIMITED|NEONSTREETREAM LIMITED
NAME_463	NEPHRITE CONSULTANCY LIMITED|NEPHRITE CONSULTANCY LTD
NAME_464	NEROADABILITY LTD|NERDABILITY LTD|NERDABILITY LIMITED
NAME_465	NET SELECT LIMITED|NET SELECT LTD
NAME_466	NETRESULT SOLUTIONS LTD|NETRESULT SOLUTIONS LIMITED
NAME_467	NETSWITCH LIMITED|NETSWITCH LTD
NAME_468	NETWORK &  SECURITY LTD|NETWORK &  SECURITY LIMITED
NAME_469	NETWORK FIBRE LIMITED|NETWORK FIBRE LTD
NAME_470	NETWORKUP LTD|NETWORKUP LIMITED
NAME_471	NEUTRINO NETWORKS LIMITED|NEUTRINO NETWORKS LTD
NAME_472	NEW BYTE LIMITED|NEW BYTE LTD
NAME_473	NEW GAME TECHNOLOGIES LIMITED|NEW GAME TECHNOLOGIES LTD
NAME_474	NEW MODEL IDENTITY LTD|NEW MODEL IDENTITY LIMITED
NAME_475	NEWGEN TECHNOLOGIES LTD|NEWGEN TECHNOLOGIES LIMITED
NAME_476	NEWNRG PTY LTD|NEWNRG PTY LIMITED
NAME_477	NINESTREETARS INFORMATION TECHNOLOGIES UK LIMITED|NINESTARS INFORMATION TECHNOLOGIES UK LIMITED|NINESTARS INFORMATION TECHNOLOGIES UNITED KINGDOM LIMITED|NINESTARS INFORMATION TECHNOLOGIES UK LTD
NAME_478	NINETY NORTH LTD|NINETY NORTH LIMITED
NAME_479	NK IT SOLUTIONS LIMITED|NK IT SOLUTIONS LTD
NAME_480	NMX IT SOLUTIONS LIMITED|NMX IT SOLUTIONS LTD
NAME_481	NOBLE WEB SOLUTIONS LIMITED|NOBLE WEB SOLUTIONS LTD
NAME_482	NODEX LTD|NODEX LIMITED
NAME_483	NOVELLIC LTD|NOVELLIC LIMITED
NAME_484	NPIRE DIGITAL LIMITED|NPIRE DIGITAL LTD
NAME_485	NUMBER VIOLET LTD|NUMBER VIOLET LIMITED
NAME_486	NUTRALIFE SOLUTION LTD|NUTRALIFE SOLUTION LIMITED
NAME_487	O'HWAYS LTD|O'HWAYS LIMITED
NAME_488	ODEGRA LTD|ODEGRA LIMITED
NAME_489	OFFSITE DATA STORAGE LTD|OFFSITE DATA STORAGE LIMITED|OFFSITE DATA STREETORAGE LIMITED
NAME_490	OIL INTERNET LTD|OIL INTERNET LIMITED
NAME_491	ONLINE DIGITAL SOLUTIONS LTD|ONLINE DIGITAL SOLUTIONS LIMITED
NAME_492	ONLINE SECURE LTD|ONLINE SECURE LIMITED
NAME_493	OPEN SOURCE INNOVATIONS LIMITED|OPEN SOURCE INNOVATIONS LTD
NAME_494	OPSFACTORY LTD|OPSFACTORY LIMITED
NAME_495	OPTICONVERT LIMITED|OPTICONVERT LTD
NAME_496	OPTIMALCORE LTD|OPTIMALCORE LIMITED
NAME_497	ORICLE DESIGNS LIMITED|ORICLE DESIGNS LTD
NAME_498	ORIEN ASSOCIATES LTD|ORIEN ASSOCIATES LIMITED
NAME_499	OTS CORPORATION LTD|OTS CORPORATION LIMITED
NAME_500	OTT CONSULTANTS LIMITED|OTT CONSULTANTS LTD
NAME_501	OUTCODE LIMITED|OUTCODE LTD
NAME_502	P7WBB LIMITED|P7WBB LTD
NAME_503	PARALLAX SOLUTIONS LTD|PARALLAX SOLUTIONS LIMITED
NAME_504	PAUL COOPER ASSOCIATES LIMITED|PAUL COOPER ASSOCIATES LTD
NAME_505	PC IT SOLUTIONS LTD|PC IT SOLUTIONS LIMITED
NAME_506	PEAKWAVE LIMITED|PEAKWAVENUE LTD|PEAKWAVE LTD
NAME_507	PEAMEW DIGITAL LTD|PEAMEW DIGITAL LIMITED
NAME_508	PEERIUS LTD|PEERIUS LIMITED
NAME_509	PELASGUS LTD|PELASGUS LIMITED
NAME_510	PERHAM UNITED KINGDOM LTD|PERHAM UK LTD|PERHAM UK LIMITED
NAME_511	PERSONAL 24 LIMITED|PERSONAL 24 LTD
NAME_512	PETER DIVOS CONSULTING LIMITED|PETER DIVOS CONSULTING LTD
NAME_513	PHMUSEUM LIMITED|PHMUSEUM LTD
NAME_514	PINEMARTEN EDUCATION LIMITED|PINEMARTEN EDUCATION LTD
NAME_515	PINETEC LTD|PINETEC LIMITED
NAME_516	PIPSKI LIMITED|PIPSKI LTD
NAME_517	PIXELRIGHTS LTD|PIXELRIGHTS LIMITED
NAME_518	PIXSENS LTD|PIXSENS LIMITED
NAME_519	PLANETARY VISIONS LIMITED|PLNTARY VISIONS LIMITED|PLANETARY VISIONS LTD
NAME_520	PLATFI LTD|PLATFI LIMITED
NAME_521	PLATINUM BLUE LIMITED|PLATINUM BLUE LTD
NAME_522	POMEGRANATE HEALTH LIMITED|POMEGRANATE HEALTH LTD
NAME_523	POSSIBLE POINT PRIVATE LTD|POSSIBLE POINT PRIVATE LIMITED
NAME_524	POST &  PLACE (UK) LIMITED|POSTREET &  PLACE (UK) LTD|POST &  PL (UK) LTD|POST &  PLACE (UNITED KINGDOM) LTD|POST &  PLACE (UK) LTD
NAME_525	PRAMATI TECHNOLOGIES EUROPE LIMITED|PRAMATI TECHNOLOGIES EUROPE LTD
NAME_526	PROCYON STREETUDIOS LIMITED|PROCYON STUDIOS LIMITED|PROCYON STUDIOS LTD
NAME_527	PRODAPT (UK) LTD|PRODAPT (UK) LIMITED|PRODAPT (UNITED KINGDOM) LIMITED
NAME_528	PRODATA TECHNOLOGY LIMITED|PRODATA TECHNOLOGY LTD
NAME_529	PRODEMIC LIMITED|PRODEMIC LTD
NAME_530	PROFIMO LTD|PROFIMO LIMITED
NAME_531	PROGRAMMATIC.LY LTD|PROGRAMMATIC.LY LIMITED
NAME_532	PROMAST TECHNOLOGY LIMITED|PROMASTREET TECHNOLOGY LIMITED|PROMAST TECHNOLOGY LTD
NAME_533	PROXIMA WEB LTD|PROXIMA WEB LIMITED
NAME_534	QLMIETO LTD|QLMIETO LIMITED
NAME_535	QUCONT LTD|QUCONT LIMITED
NAME_536	QUEST TECHNOLOGIES (CITY OF LONDON) LIMITED|QUEST TECHNOLOGIES (LONDON) LTD|QUESTREET TECHNOLOGIES (LONDON) LIMITED|QUEST TECHNOLOGIES (LONDON) LIMITED
NAME_537	QUINTAIN TECHNOLOGY SOLUTIONS LIMITED|QUINTAIN TECHNOLOGY SOLUTIONS LTD
NAME_538	RANK-1 (SOUTH) LIMITED|RANK-1 (SOUTH) LTD
NAME_539	RANKERS LIMITED|RANKERS LTD
NAME_540	RAPPIDLY LIMITED|RAPPIDLY LTD
NAME_541	RCS (CAD) LIMITED|RCS (CAD) LTD
NAME_542	REAL DATACENTRES (EMEA) LTD|REAL DATACENTRES (EMEA) LIMITED
NAME_543	REALITY HITS LIMITED|REALITY HITS LTD
NAME_544	RED PANDA MEDIA LIMITED|RED PANDA MEDIA LTD
NAME_545	RED RAINBOWS LIMITED|RED RAINBOWS LTD
NAME_546	REDHAT IT LIMITED|REDHAT IT LTD
NAME_547	REDSTREETONE DATA SOLUTIONS LIMITED|REDSTONE DATA SOLUTIONS LIMITED|REDSTONE DATA SOLUTIONS LTD
NAME_548	REGIUM CONSULTING LTD|REGIUM CONSULTING LIMITED
NAME_549	REVERSE DELTA LIMITED|REVERSE DELTA LTD
NAME_550	RIVERSIDE COMPUTING SOLUTIONS LIMITED|RIVERSIDE COMPUTING SOLUTIONS LTD
NAME_551	RJM.IT LTD|RJM.IT LIMITED
NAME_552	RM &  JT CONSULTING LIMITED|RM &  JT CONSULTING LTD
NAME_553	RD TO WORK LIMITED|ROAD TO WORK LTD|ROAD TO WORK LIMITED
NAME_554	ROBUCODE LTD|ROBUCODE LIMITED
NAME_555	ROKK3R LABS EMEA LTD|ROKK3R LABS EMEA LIMITED
NAME_556	"ROOKA, LIMITED"|"ROOKA, LTD"
NAME_557	ROOM ONE DESIGN LIMITED|ROOM ONE DESIGN LTD
NAME_558	ROOM ONE DIGITAL LTD|ROOM ONE DIGITAL LIMITED
NAME_559	ROSAMAN LTD.|ROSAMAN LIMITED.
NAME_560	ROSENDAHL CONCEPTKIOSK LTD|ROSENDAHL CONCEPTKIOSK LIMITED
NAME_561	RPM DIGITAL LIMITED|RPM DIGITAL LTD
NAME_562	RTS (RESEARCH &  TECHNOLOGY SOLUTIONS) LTD|RTS (RESEARCH &  TECHNOLOGY SOLUTIONS) LIMITED
NAME_563	RUMMBLE LIMITED|RUMMBLE LTD
NAME_564	SAAIMO LTD|SAAIMO LIMITED
NAME_565	SAHY INTERNATIONAL MANAGEMENT LIMITED|SAHY INTL MANAGEMENT LTD|SAHY INTERNATIONAL MANAGEMENT LTD
NAME_566	SATCHCORP LTD|SATCHCORP LIMITED
NAME_567	SAVVY EYE MEDIA LIMITED|SAVVY EYE MEDIA LTD
NAME_568	SAVWIRE LTD|SAVWIRE LIMITED
NAME_569	SCHOOLS MATTER PARTNERS LTD|SCHOOLS MATTER PARTNERS LIMITED
NAME_570	SEARCH MAGNET MARKETING LTD|SEARCH MAGNET MARKETING LIMITED
NAME_571	SECONDBYTE MICROS LTD|SECONDBYTE MICROS LIMITED
NAME_572	SECURE GLOBAL TECHNOLOGIES LIMITED|SECURE GLOBAL TECHNOLOGIES LTD
NAME_573	SECURITY HEADS LTD|SECURITY HEADS LIMITED
NAME_574	SECURYS LIMITED|SECURYS LTD
NAME_575	SEFRICAN LIMITED|SEFRICAN LTD
NAME_576	SERVICE4SERVER LTD|SERVICE4SERVER LIMITED
NAME_577	SHARK DIGITAL CONSULTANCY LIMITED|SHARK DIGITAL CONSULTANCY LTD
NAME_578	SHARK HOSTREETING LIMITED|SHARK HOSTING LIMITED|SHARK HOSTING LTD
NAME_579	SHARK TANK LTD|SHARK TANK LIMITED
NAME_580	SHARP DIGITAL ASSEMBLY LTD|SHARP DIGITAL ASSEMBLY LIMITED
NAME_581	SHEERIE LIMITED|SHEERIE LTD
NAME_582	SHINY IDEAS LIMITED|SHINY IDEAS LTD
NAME_583	SHUFFZCO LIMITED|SHUFFZCO LTD
NAME_584	SIENTECH LTD|SIENTECH LIMITED
NAME_585	SIGMA VENTURES LTD|SIGMA VENTURES LIMITED
NAME_586	SILVERLAKE SYMMETRI (EUROPE) LTD|SILVERLAKE SYMMETRI (EUROPE) LIMITED
NAME_587	SIM GLOBAL MARKETS LIMITED|SIM GLOBAL MARKETS LTD
NAME_588	SIMBOLIC LTD|SIMBOLIC LIMITED
NAME_589	SIMON MARSDEN LTD|SIMON MARSDEN LIMITED
NAME_590	SIMPLE DIGITAL LTD|SIMPLE DIGITAL LIMITED
NAME_591	SKWILE LIMITED.|SKWILE LTD.
NAME_592	SKYGATE DIGITAL LTD|SKYGATE DIGITAL LIMITED
NAME_593	SLEEK NETWORKS LIMITED|SLEEK NETWORKS LTD
NAME_594	SMART STREETORAGE TECHNOLOGIES LIMITED|SMART STORAGE TECHNOLOGIES LIMITED|SMART STORAGE TECHNOLOGIES LTD
NAME_595	SMARTERKEY LIMITED|SMARTERKEY LTD
NAME_596	SMARTLOGIC SCHEMASERVER LIMITED|SMARTLOGIC SCHEMASERVER LTD
NAME_597	SMARTSESSION LTD|SMARTSESSION LIMITED
NAME_598	SNET GLOBAL LIMITED|SNET GLOBAL LTD
NAME_599	SNS TECHNOLOGIES LIMITED|SNS TECHNOLOGIES LTD
NAME_600	SOFTWARE SOLUTIONS (UK) LTD|SOFTWARE SOLUTIONS (UK) LIMITED|SOFTWARE SOLUTIONS (UNITED KINGDOM) LIMITED
NAME_601	SOKAM ONLINE LIMITED|SOKAM ONLINE LTD
NAME_602	SOL MARKET LIMITED|SOL MARKET LTD
NAME_603	SOLID STREETATE INFLIGHT LIMITED|SOLID STATE INFLIGHT LTD|SOLID STATE INFLIGHT LIMITED
NAME_604	SOLISTREETECH SOLUTIONS LTD|SOLISTECH SOLUTIONS LTD|SOLISTECH SOLUTIONS LIMITED
NAME_605	SPARKLE &  FLOW LIMITED|SPARKLE &  FLOW LTD
NAME_606	SPECIALISTSUK LIMITED|SPECIALISTSUK LTD|SPECIALISTREETSUK LIMITED|SPECIALISTSUNITED KINGDOM LIMITED
NAME_607	SPEECHBUBBLE CONSULTANCY LIMITED|SPEECHBUBBLE CONSULTANCY LTD
NAME_608	SPIRISICAL LTD|SPIRISICAL LIMITED
NAME_609	SPOTAHOME LIMITED|SPOTAHOME LTD
NAME_610	SPRING DIGITAL LTD|SPRING DIGITAL LIMITED
NAME_611	SPRINKLR UK LIMITED|SPRINKLR UNITED KINGDOM LTD|SPRINKLR UK LTD
NAME_612	SQUARE EYE LTD|SQUARE EYE LIMITED|SQ EYE LIMITED
NAME_613	STACK EXCHANGE LTD|STACK EXCHANGE LIMITED|STREETACK EXCHANGE LTD
NAME_614	STANDARD GLOBAL SOLUTIONS LIMITED|STANDAROAD GLOBAL SOLUTIONS LTD|STREETANDARD GLOBAL SOLUTIONS LTD|STANDARD GLOBAL SOLUTIONS LTD
NAME_615	STANFORD ELECTRICAL CONTRACTING LTD|STANFOROAD ELECTRICAL CONTRACTING LTD|STREETANFORD ELECTRICAL CONTRACTING LTD|STANFORD ELECTRICAL CONTRACTING LIMITED
NAME_616	STAR DOT HELP COMPUTER CONSULTING LTD|STAR DOT HELP COMPUTER CONSULTING LIMITED|STREETAR DOT HELP COMPUTER CONSULTING LIMITED
NAME_617	STREETARKWAY LTD.|STARKWAY LTD.|STARKWAY LIMITED.
NAME_618	STARTIDE LIMITED|STARTIDE LTD|STREETARTIDE LIMITED
NAME_619	STREETEHLE CONSULTING LIMITED|STEHLE CONSULTING LIMITED|STEHLE CONSULTING LTD
NAME_620	STREAM UNITED KINGDOM MEDIA SERVICES LIMITED|STREAM UK MEDIA SERVICES LIMITED|STREETREAM UK MEDIA SERVICES LIMITED|STREAM UK MEDIA SERVICES LTD
NAME_621	STREAMESS LIMITED|STREETREAMESS LIMITED|STREAMESS LTD
NAME_622	STREAMTRAIN LTD|STREAMTRAIN LIMITED|STREETREAMTRAIN LIMITED
NAME_623	STUDIOF CREATIVE LIMITED|STREETUDIOF CREATIVE LTD|STUDIOF CREATIVE LTD
NAME_624	SUCCESSFUL INTERNET LIMITED|SUCCESSFUL INTERNET LTD
NAME_625	SUN SYSTEMS IT SERVICES LIMITED|SUN SYSTREETEMS IT SERVICES LIMITED|SUN SYSTEMS IT SERVICES LTD
NAME_626	SUNNER CONSULTANCY LIMITED|SUNNER CONSULTANCY LTD
NAME_627	SUPREME SUCCESS STREETRATEGIES LTD|SUPREME SUCCESS STRATEGIES LTD|SUPREME SUCCESS STRATEGIES LIMITED
NAME_628	SURREY SYSTREETEMS PARTNERSHIP LTD|SURREY SYSTEMS PARTNERSHIP LTD|SURREY SYSTEMS PARTNERSHIP LIMITED
NAME_629	SVVISH LIMITED|SVVISH LTD
NAME_630	SWIFTEE TECHNOLOGY LTD|SWIFTEE TECHNOLOGY LIMITED
NAME_631	SYNAPSES IT LIMITED|SYNAPSES IT LTD
NAME_632	SYZYGY UK LIMITED|SYZYGY UK LTD|SYZYGY UNITED KINGDOM LIMITED
NAME_633	TAKEMEOUT LIMITED|TAKEMEOUT LTD
NAME_634	TAMETON SOLUTIONS LIMITED|TAMETON SOLUTIONS LTD
NAME_635	TAYSTME LTD|TAYSTME LIMITED|TAYSTREETME LTD
NAME_636	TEAM IT CONSULTING LTD|TEAM IT CONSULTING LIMITED
NAME_637	TEAMSPACE LTD.|TEAMSPACE LIMITED.
NAME_638	TECH TRAINERS LIMITED|TECH TRAINERS LTD
NAME_639	TECHPROWORLD LTD|TECHPROWORLD LIMITED
NAME_640	TELEFOTONIKA LTD|TELEFOTONIKA LIMITED
NAME_641	TESSA CAPITAL LTD|TESSA CAPITAL LIMITED
NAME_642	TESTING SOLUTIONS LTD|TESTREETING SOLUTIONS LIMITED|TESTING SOLUTIONS LIMITED
NAME_643	TESTING TRAINING SOLUTIONS LTD|TESTING TRAINING SOLUTIONS LIMITED|TESTREETING TRAINING SOLUTIONS LIMITED
NAME_644	THAMESTEC LTD|THAMESTREETEC LTD|THAMESTEC LIMITED
NAME_645	THE BULL STREETUDIO LTD|THE BULL STUDIO LTD|THE BULL STUDIO LIMITED
NAME_646	THE DATACENTRE ADVISORY GROUP LIMITED|THE DATACENTRE ADVISORY GROUP LTD
NAME_647	THE LIGHT IT SUPPORT LTD|THE LIGHT IT SUPPORT LIMITED
NAME_648	THE NEW BLACK CREATIVE STUDIO LIMITED|THE NEW BLACK CREATIVE STREETUDIO LIMITED|THE NEW BLACK CREATIVE STUDIO LTD
NAME_649	THE PROSPEROUS SHOP LIMITED|THE PROSPEROUS SHOP LTD
NAME_650	THEHEALTHFINDER HOLDINGS LTD|THEHEALTHFINDER HOLDINGS LIMITED
NAME_651	THEM DIGITAL ASSISTANCE LTD|THEM DIGITAL ASSISTREETANCE LTD|THEM DIGITAL ASSISTANCE LIMITED
NAME_652	THINGTHING LIMITED|THINGTHING LTD
NAME_653	THINK DIGITALLY SOFTWARE LTD|THINK DIGITALLY SOFTWARE LIMITED
NAME_654	THINKING CIRCLE LTD|THINKING CIRCLE LIMITED
NAME_655	THOMPSON FLETCHER ASSOCIATES LTD|THOMPSON FLETCHER ASSOCIATES LIMITED
NAME_656	THRIVE FINANCIAL LIMITED|THRIVE FINANCIAL LTD
NAME_657	TIBTEC LTD|TIBTEC LIMITED
NAME_658	TIKIT LIMITED|TIKIT LTD
NAME_659	TIMED LIMITED|TIMED LTD
NAME_660	TIMTOMINC LIMITED|TIMTOMINC LTD
NAME_661	TLDOMAINS LTD|TLDOMAINS LIMITED
NAME_662	TOBORSOFT LIMITED|TOBORSOFT LTD
NAME_663	TOTAL MEDIA MARKETING LTD|TOTAL MEDIA MARKETING LIMITED
NAME_664	TRACEMEDIA PROJECTS LTD|TRACEMEDIA PROJECTS LIMITED
NAME_665	TRADEWARE GLOBAL UNITED KINGDOM LIMITED|TRADEWARE GLOBAL UK LTD|TRADEWARE GLOBAL UK LIMITED
NAME_666	TRADEXPERT LTD|TRADEXPERT LIMITED
NAME_667	TRAINLINE INTL LIMITED|TRAINLINE INTERNATIONAL LIMITED|TRAINLINE INTERNATIONAL LTD
NAME_668	TRAINLINE.COM LTD|TRAINLINE.COM LIMITED
NAME_669	TRANSCOMM UK LTD|TRANSCOMM UK LIMITED|TRANSCOMM UNITED KINGDOM LIMITED
NAME_670	TRAVIOOR LTD|TRAVIOOR LIMITED
NAME_671	TREAT A FRIEND LIMITED|TREAT A FRIEND LTD
NAME_672	TRIANA VENTURES LTD|TRIANA VENTURES LIMITED
NAME_673	TRIANGULATE IT LIMITED|TRIANGULATE IT LTD
NAME_674	TRIGENIS LIMITED|TRIGENIS LTD
NAME_675	TRONCAT LIMITED|TRONCAT LTD
NAME_676	TSM INTERNATIONAL LTD|TSM INTL LTD|TSM INTERNATIONAL LIMITED
NAME_677	TURQUOISE SOLUTIONS LIMITED|TURQUOISE SOLUTIONS LTD
NAME_678	U-2-ME LIMITED|U-2-ME LTD
NAME_679	U.K. BUSINESS FUNDING CENTRE LTD|U.K. BUSINESS FUNDING CENTRE LIMITED
NAME_680	UK PROPERTIES ONLINE LIMITED|UNITED KINGDOM PROPERTIES ONLINE LIMITED|UK PROPERTIES ONLINE LTD
NAME_681	UNBIASED LTD|UNBIASED LIMITED
NAME_682	UNGM LTD|UNGM LIMITED
NAME_683	UNICORN COMPUTER GRAPHICS LTD|UNICORN COMPUTER GRAPHICS LIMITED
NAME_684	UNIGLO FINANCIAL LIMITED|UNIGLO FINANCIAL LTD
NAME_685	UNIRISX LIMITED|UNIRISX LTD
NAME_686	UNITED PIXELS LIMITED|UNITED PIXELS LTD
NAME_687	UNIVERSAL BASKET LIMITED|UNIVERSAL BASKET LTD
NAME_688	UNIVERSAL RESEARCH &  CONSULTING LIMITED|UNIVERSAL RESEARCH &  CONSULTING LTD
NAME_689	UNPICK LTD|UNPICK LIMITED
NAME_690	UNYFY CONSULTING LIMITED|UNYFY CONSULTING LTD
NAME_691	URPASS.CO LTD|URPASS.CO LIMITED
NAME_692	UVIP LIMITED|UVIP LTD
NAME_693	UWP LIMITED|UWP LTD
NAME_694	V4TECH LIMITED|V4TECH LTD
NAME_695	VAMA SOLUTIONS LIMITED|VAMA SOLUTIONS LTD
NAME_696	VCE SOLUTIONS LIMITED|VCE SOLUTIONS LTD
NAME_697	VE INTERACTIVE LTD|VE INTERACTIVE LIMITED
NAME_698	VENDAVO UK LIMITED|VENDAVO UNITED KINGDOM LIMITED|VENDAVO UK LTD
NAME_699	VENEZZ LTD|VENEZZ LIMITED
NAME_700	VEROADANT SKY LIMITED|VERDANT SKY LIMITED|VERDANT SKY LTD
NAME_701	VERO SOLUTIONS LIMITED|VERO SOLUTIONS LTD
NAME_702	VIRCLOUD LIMITED|VIRCLOUD LTD
NAME_703	VIRTUALFILES LIMITED|VIRTUALFILES LTD
NAME_704	VISITED.ME LIMITED|VISITED.ME LTD
NAME_705	VIVACITY LABS LTD|VIVACITY LABS LIMITED
NAME_706	VIVE FINANCIAL SERVICES LTD|VIVE FINANCIAL SERVICES LIMITED
NAME_707	VIZAVIZ INTL LTD|VIZAVIZ INTERNATIONAL LTD|VIZAVIZ INTERNATIONAL LIMITED
NAME_708	VNETIC LTD|VNETIC LIMITED
NAME_709	VORBOSS LTD|VORBOSS LIMITED
NAME_710	VZINTERNET LTD|VZINTERNET LIMITED
NAME_711	WARD MARKETING SOLUTIONS LIMITED|WARD MARKETING SOLUTIONS LTD|WAROAD MARKETING SOLUTIONS LIMITED
NAME_712	WARWICK COMPUTER REPAIRS LTD|WARWICK COMPUTER REPAIRS LIMITED
NAME_713	WAY2G LTD|WAY2G LIMITED
NAME_714	WE ARE EXPERIENCE LTD|WE ARE EXPERIENCE LIMITED
NAME_715	WE ARE FRIDAY LIMITED|WE ARE FRIDAY LTD
NAME_716	WE ARE CITY OF LONDON LIMITED|WE ARE LONDON LTD|WE ARE LONDON LIMITED
NAME_717	WE MAKE WEBSITES LTD|WE MAKE WEBSITES LIMITED
NAME_718	WEB ARCHITECTURE AND TECHNOLOGIES LTD|WEB ARCHITECTURE AND TECHNOLOGIES LIMITED
NAME_719	WEB KINGDOM LIMITED|WEB KINGDOM LTD
NAME_720	WEBCODE LIMITED|WEBCODE LTD
NAME_721	WHAT'S THE SCORE LTD|WHAT'S THE SCORE LIMITED
NAME_722	WHITE WATER METALS LIMITED|WHITE WATER METALS LTD
NAME_723	WHYM.GLOBAL LTD.|WHYM.GLOBAL LIMITED.
NAME_724	WIIPIX LTD|WIIPIX LIMITED
NAME_725	WILSON ROBOTICS LTD|WILSON ROBOTICS LIMITED
NAME_726	WINPHD LIMITED|WINPHD LTD
NAME_727	WITH ASSOCIATES DIGITAL LTD|WITH ASSOCIATES DIGITAL LIMITED
NAME_728	WORDOWN LTD|WOROADOWN LIMITED|WORDOWN LIMITED
NAME_729	WORTH DYNAMICS LTD|WORTH DYNAMICS LIMITED
NAME_730	X19 LIMITED|X19 LTD
NAME_731	XS NETWORKS LTD|XS NETWORKS LIMITED
NAME_732	Y1 SYSTEMS LIMITED|Y1 SYSTREETEMS LIMITED|Y1 SYSTEMS LTD
NAME_733	YAROAD NINE LIMITED|YARD NINE LIMITED|YARD NINE LTD
NAME_734	YESQL SOLUTIONS LIMITED|YESQL SOLUTIONS LTD
NAME_735	YOYO DATA LTD|YOYO DATA LIMITED
NAME_736	YULAIP TECHNOLOGIES LTD|YULAIP TECHNOLOGIES LIMITED
NAME_737	ZENZIUM LTD|ZENZIUM LIMITED
NAME_738	ZEROONEONEZERO LIMITED|ZEROONEONEZERO LTD
NAME_739	ZINTERNETGROUP LIMITED|ZINTERNETGROUP LTD
NAME_740	ZOARING LTD|ZOARING LIMITED
NAME_741	ZULIOS LIMITED|ZULIOS LTD
NAME_742	360 CLOUD NETWORKS LTD|360 CLOUD NETWORKS LIMITED
NAME_743	360 DIGI MARKETING LIMITED|360 DIGI MARKETING LTD
NAME_744	3G OUTSOURCE LTD|3G OUTSOURCE LIMITED
NAME_745	4T TECHNOLOGY LIMITED|4T TECHNOLOGY LTD
NAME_746	ACKNOWLEDGEMENT LTD|ACKNOWLEDGEMENT LIMITED
NAME_747	ACTIVISTIC (UK) LTD|ACTIVISTREETIC (UK) LTD|ACTIVISTIC (UNITED KINGDOM) LTD|ACTIVISTIC (UK) LIMITED
NAME_748	AGITEK LIMITED|AGITEK LTD
NAME_749	AGORABYTES LIMITED|AGORABYTES LTD
NAME_750	AH BUSINESS SERVICES AND CONSULTANCY LTD|AH BUSINESS SERVICES AND CONSULTANCY LIMITED
NAME_751	AIR TUNNEL SOLUTIONS LTD|AIR TUNNEL SOLUTIONS LIMITED
NAME_752	ALLE-IT LTD|ALLE-IT LIMITED
NAME_753	ASKIA UK LTD|ASKIA UK LIMITED|ASKIA UNITED KINGDOM LIMITED
NAME_754	ASMISOFT TECHNOLOGIES LTD|ASMISOFT TECHNOLOGIES LIMITED
NAME_755	ASTREETABIS IRM LTD|ASTABIS IRM LTD|ASTABIS IRM LIMITED
NAME_756	AUTONOWARE LIMITED|AUTONOWARE LTD
NAME_757	BCN INTEGRATED LTD.|BCN INTEGRATED LIMITED.
NAME_758	BEHIND PIXELS LTD|BEHIND PIXELS LIMITED
NAME_759	BRAVOSOLUTION UK LTD|BRAVOSOLUTION UK LIMITED|BRAVOSOLUTION UNITED KINGDOM LIMITED
NAME_760	BROWN PAPER CONSULTING LIMITED|BROWN PAPER CONSULTING LTD
NAME_761	CAPACITAS LIMITED|CAPACITAS LTD
NAME_762	CERBERUS SECURITY LABORATORIES LTD|CERBERUS SECURITY LABORATORIES LIMITED
NAME_763	CIBANDO LTD|CIBANDO LIMITED
NAME_764	CINSPIRED DESIGNS LIMITED|CINSPIRED DESIGNS LTD
NAME_765	CITY TEST LIMITED|CITY TESTREET LIMITED|CITY TEST LTD
NAME_766	CLOUD DIGITAL RESEARCH LTD|CLOUD DIGITAL RESEARCH LIMITED
NAME_767	CLOUD ESTATE LTD|CLOUD ESTATE LIMITED|CLOUD ESTREETATE LIMITED
NAME_768	CLOUDBRIDGE LTD|CLOUDBRIDGE LIMITED
NAME_769	COASTAL UNION LTD|COASTREETAL UNION LTD|COASTAL UNION LIMITED
NAME_770	CODELOCKE SOLUTIONS PRIVATE LTD|CODELOCKE SOLUTIONS PRIVATE LIMITED
NAME_771	COMDEVELOPMENT LTD|COMDEVELOPMENT LIMITED
NAME_772	COREAZURE LIMITED|COREAZURE LTD
NAME_773	CREDO JPN LIMITED|CREDO JPN LTD
NAME_774	CROSSCOUNTRY AERO LIMITED|CROSSCOUNTRY AERO LTD
NAME_775	CRUX NETWORK LTD|CRUX NETWORK LIMITED
NAME_776	CUSTOM TECHNOLOGY LIMITED|CUSTREETOM TECHNOLOGY LIMITED|CUSTOM TECHNOLOGY LTD
NAME_777	DATAFACTUALS LTD|DATAFACTUALS LIMITED
NAME_778	DATAPOWA LIMITED|DATAPOWA LTD
NAME_779	DAVIES TECHNOLOGY CONSULTING LIMITED.|DAVIES TECHNOLOGY CONSULTING LTD.
NAME_780	DEEAZ LIMITED|DEEAZ LTD
NAME_781	DIGITCITY OF LONDON LIMITED|DIGITLONDON LTD|DIGITLONDON LIMITED
NAME_782	DILIGENCE CONSULTING LTD|DILIGENCE CONSULTING LIMITED
NAME_783	DILIGENCE PROFESSIONAL LIMITED|DILIGENCE PROFESSIONAL LTD
NAME_784	DS TECHNOLOGIES GROUP LIMITED.|DS TECHNOLOGIES GROUP LTD.
NAME_785	EASYCORE MEDIA LTD|EASYCORE MEDIA LIMITED
NAME_786	ECONWORKS LIMITED|ECONWORKS LTD
NAME_787	EDART LTD|EDART LIMITED
NAME_788	ELECSERVICE LIMITED|ELECSERVICE LTD
NAME_789	ENGAGEWITHIN LTD|ENGAGEWITHIN LIMITED
NAME_790	EUPING LTD|EUPING LIMITED
NAME_791	FAST NETWORK DESIGNS LTD|FAST NETWORK DESIGNS LIMITED|FASTREET NETWORK DESIGNS LTD
NAME_792	FASTPCS (UK) LTD|FASTREETPCS (UK) LTD|FASTPCS (UK) LIMITED|FASTPCS (UNITED KINGDOM) LTD
NAME_793	FIVESKY LIMITED|FIVESKY LTD
NAME_794	FLAMINGOS TECHNOLOGY SOLUTIONS UNITED KINGDOM PRIVATE LIMITED|FLAMINGOS TECHNOLOGY SOLUTIONS UK PRIVATE LIMITED|FLAMINGOS TECHNOLOGY SOLUTIONS UK PRIVATE LTD
NAME_795	FURNISH.CO.UNITED KINGDOM LTD|FURNISH.CO.UK LIMITED|FURNISH.CO.UK LTD
NAME_796	GARDENIA-IT LIMITED|GAROADENIA-IT LIMITED|GARDENIA-IT LTD
NAME_797	GARYT LIMITED|GARYT LTD
NAME_798	GATEKEEPER (G8) LIMITED|GATEKEEPER (G8) LTD
NAME_799	GET BUSINESS SERVICES LTD|GET BUSINESS SERVICES LIMITED
NAME_800	GROOVY GECKO LTD|GROOVY GECKO LIMITED
NAME_801	GS DUN LIMITED|GS DUN LTD
NAME_802	HALLWAY STREETUDIOS LIMITED|HALLWAY STUDIOS LIMITED|HALLWAY STUDIOS LTD
NAME_803	HARMAN CONNECTED SERVICES UK LTD|HARMAN CONNECTED SERVICES UK LIMITED|HARMAN CONNECTED SERVICES UNITED KINGDOM LIMITED
NAME_804	HCI GROUP UK LIMITED|HCI GROUP UNITED KINGDOM LIMITED|HCI GROUP UK LTD
NAME_805	HIGH RELEVANCE LTD|HIGH RELEVANCE LIMITED
NAME_806	HSD TECHNOLOGIES LTD|HSD TECHNOLOGIES LIMITED
NAME_807	HUBA DIGITAL LTD|HUBA DIGITAL LIMITED
NAME_808	ICOMPLI LTD|ICOMPLI LIMITED
NAME_809	IKNOW SOLUTIONS UK LTD|IKNOW SOLUTIONS UNITED KINGDOM LTD|IKNOW SOLUTIONS UK LIMITED
NAME_810	INDIGO SQUARED LTD|INDIGO SQD LIMITED|INDIGO SQUARED LIMITED
NAME_811	INDUSTRIAL WINCH LIMITED|INDUSTRIAL WINCH LTD|INDUSTREETRIAL WINCH LTD
NAME_812	INNOVIX LIMITED|INNOVIX LTD
NAME_813	INTELLIGENT SOLUTIONS TECHNOLOGIES LTD|INTELLIGENT SOLUTIONS TECHNOLOGIES LIMITED
NAME_814	INTERNET PROMOTION EUROPE LIMITED|INTERNET PROMOTION EUROPE LTD
NAME_815	INZU LTD|INZU LIMITED
NAME_816	JAZZ SOFTWARE LIMITED|JAZZ SOFTWARE LTD
NAME_817	K1 LIMANOWKA LTD|K1 LIMANOWKA LIMITED
NAME_818	L.E.D. PRODUCTIONS LIMITED|L.E.D. PRODUCTIONS LTD
NAME_819	LEARNING CONNEXIONS (UNITED KINGDOM) LTD.|LEARNING CONNEXIONS (UK) LTD.|LEARNING CONNEXIONS (UK) LIMITED.
NAME_820	LIFFEY LABS LIMITED|LIFFEY LABS LTD
NAME_821	CITY OF LONDON DIGITALBEAMS LIMITED|LONDON DIGITALBEAMS LIMITED|LONDON DIGITALBEAMS LTD
NAME_822	LTB DIGITAL LIMITED|LTB DIGITAL LTD
NAME_823	MACROLINK SOLUTIONS LIMITED|MACROLINK SOLUTIONS LTD
NAME_824	MAGENCO LTD|MAGENCO LIMITED
NAME_825	MAIDENHEAD BRIDGE LIMITED|MAIDENHEAD BRIDGE LTD
NAME_826	MARIUS DALEY LIMITED.|MARIUS DALEY LTD.
NAME_827	MARKET APPEAL LIMITED|MARKET APPEAL LTD
NAME_828	MAXHILL CONSULTING LIMITED|MAXHILL CONSULTING LTD
NAME_829	MBTA LIMITED|MBTA LTD
NAME_830	METALUXO IT SECURITY LIMITED|METALUXO IT SECURITY LTD
NAME_831	METHODS DIGITAL LTD|METHODS DIGITAL LIMITED
NAME_832	METHODS ENTERPRISE LTD|METHODS ENTERPRISE LIMITED
NAME_833	MICRO PHOENIX
NAME_834	MIDDLE EAST CAREER LIMITED|MIDDLE EAST CAREER LTD|MIDDLE EASTREET CAREER LTD
NAME_835	MITHRA MEDIA LIMITED|MITHRA MEDIA LTD
NAME_836	MIU NETWORK LIMITED|MIU NETWORK LTD
NAME_837	MULTIPLOGIC LTD|MULTIPLOGIC LIMITED
NAME_838	MUNDUS LTD|MUNDUS LIMITED
NAME_839	MYMALL LTD|MYMALL LIMITED
NAME_840	NCODER MEDIA SERVICES LTD|NCODER MEDIA SERVICES LIMITED
NAME_841	NELLESYS LIMITED|NELLESYS LTD
NAME_842	NEOPRAXIS LIMITED|NEOPRAXIS LTD
NAME_843	NETSTAR UK LIMITED|NETSTAR UK LTD|NETSTAR UNITED KINGDOM LTD|NETSTREETAR UK LTD
NAME_844	NEWCOINCLUB LTD|NEWCOINCLUB LIMITED
NAME_845	NIO INNOVATION LTD|NIO INNOVATION LIMITED
NAME_846	NU INNOVATION LIMITED|NU INNOVATION LTD
NAME_847	OBAFORTE LIMITED|OBAFORTE LTD
NAME_848	ONLINUM LTD|ONLINUM LIMITED
NAME_849	ORHAN IT SERVICES LTD.|ORHAN IT SERVICES LIMITED.
NAME_850	ORLON SOLUTIONS LIMITED|ORLON SOLUTIONS LTD
NAME_851	PETCONNECT TECHNOLOGIES LTD|PETCONNECT TECHNOLOGIES LIMITED
NAME_852	POLMODE LIMITED|POLMODE LTD
NAME_853	PUZZLESTONE LIMITED|PUZZLESTONE LTD|PUZZLESTREETONE LIMITED
NAME_854	RAZOR AGENCY LTD|RAZOR AGENCY LIMITED
NAME_855	REAPIT LTD|REAPIT LIMITED
NAME_856	RECOGNITION ARTISTREET MANAGEMENT LIMITED|RECOGNITION ARTIST MANAGEMENT LIMITED|RECOGNITION ARTIST MANAGEMENT LTD
NAME_857	RELOCATION LIMITED|RELOCATION LTD
NAME_858	RIGHTS TRACKER LIMITED|RIGHTS TRACKER LTD
NAME_859	SCASASCIA LIMITED|SCASASCIA LTD
NAME_860	SEARCH ENGINEERS LIMITED|SEARCH ENGINEERS LTD
NAME_861	SEIDOR UK LTD|SEIDOR UK LIMITED|SEIDOR UNITED KINGDOM LTD
NAME_862	SELECT CONSULTING PARTNERS LIMITED|SELECT CONSULTING PARTNERS LTD
NAME_863	SERVERMASTER LIMITED|SERVERMASTER LTD|SERVERMASTREETER LTD
NAME_864	SMALL WORLD SOLUTIONS LIMITED|SMALL WORLD SOLUTIONS LTD
NAME_865	SMART TRANSFER LIMITED|SMART TRANSFER LTD
NAME_866	SOLYARIS LIMITED|SOLYARIS LTD
NAME_867	SPORTMATE INT. LIMITED|SPORTMATE INT. LTD
NAME_868	STONEWALL IT SOLUTIONS LTD|STREETONEWALL IT SOLUTIONS LTD|STONEWALL IT SOLUTIONS LIMITED
NAME_869	SUPERMICRO LTD|SUPERMICRO LIMITED
NAME_870	THE GDPR GROUP LIMITED|THE GDPR GROUP LTD
NAME_871	TIEFNETZ LIMITED|TIEFNETZ LTD
NAME_872	TIER 1 PUBLISHING LTD|TIER 1 PUBLISHING LIMITED
NAME_873	TRANK TECHIES PRIVATE LIMITED|TRANK TECHIES PRIVATE LTD
NAME_874	TRANSGLOBE TRADING CORPORATION LIMITED|TRANSGLOBE TRADING CORPORATION LTD
NAME_875	TROENDLE LIMITED|TROENDLE LTD
NAME_876	TURTL SURF &  IMMERSE LIMITED|TURTL SURF &  IMMERSE LTD
NAME_877	ULTRARAPID LOCAL DELIVERY LIMITED|ULTRARAPID LOCAL DELIVERY LTD
NAME_878	UNTESTREETED LIMITED|UNTESTED LIMITED|UNTESTED LTD
NAME_879	UPSHOT LTD|UPSHOT LIMITED
NAME_880	URBAN INTELLIGENCE LTD|URBAN INTELLIGENCE LIMITED
NAME_881	US COMPUTERS (UK) LTD|US COMPUTERS (UK) LIMITED|US COMPUTERS (UNITED KINGDOM) LIMITED
NAME_882	VELOCITI EUROPE LIMITED|VELOCITI EUROPE LTD
NAME_883	VOIPEX LTD|VOIPEX LIMITED
NAME_884	VUNGLE LIMITED|VUNGLE LTD
NAME_885	WALLEPT LTD|WALLEPT LIMITED
NAME_886	WEBADELICA LTD|WEBADELICA LIMITED
NAME_887	WEBJETS LTD|WEBJETS LIMITED
NAME_888	WHITE LIGHT TECHNOLOGY LIMITED|WHITE LIGHT TECHNOLOGY LTD
NAME_889	WIPSTY LTD|WIPSTY LIMITED|WIPSTREETY LTD
NAME_890	WIRED CANVAS LIMITED|WIRED CANVAS LTD
NAME_891	WISENS LIMITED|WISENS LTD
NAME_892	WORIFY MEDIA LIMITED|WORIFY MEDIA LTD
NAME_893	XANTURA LIMITED|XANTURA LTD
NAME_894	ZOEPROPERTY LTD|ZOEPROPERTY LIMITED
NAME_895	ADEVANCE LIMITED|ADEVANCE LTD
NAME_896	AGILE KONSULT LTD|AGILE KONSULT LIMITED
NAME_897	ALLIED WARDEN MARKETING LIMITED|ALLIED WARDEN MARKETING LTD|ALLIED WAROADEN MARKETING LIMITED
NAME_898	ANI ALEXANDER LIMITED|ANI ALEXANDER LTD
NAME_899	ANTLERE LIMITED|ANTLERE LTD
NAME_900	ANYTIME AROUND LIMITED|ANYTIME AROUND LTD
NAME_901	AUREOLIN CORPORATION LTD|AUREOLIN CORPORATION LIMITED
NAME_902	AXTEK LIMITED|AXTEK LTD
NAME_903	BIG DATA PARTNERSHIP LIMITED|BIG DATA PARTNERSHIP LTD
NAME_904	BIMOPS LTD|BIMOPS LIMITED
NAME_905	BLUE-CANOE LTD|BLUE-CANOE LIMITED
NAME_906	CHAINSIDE LTD|CHAINSIDE LIMITED
NAME_907	CHINA GREAT FIRE WALL NETWORK LIMITED|CHINA GREAT FIRE WALL NETWORK LTD
NAME_908	CHOICE WHEEL LTD|CHOICE WHEEL LIMITED
NAME_909	CYBER-GUARD ENTERPRISE LIMITED|CYBER-GUAROAD ENTERPRISE LTD|CYBER-GUARD ENTERPRISE LTD
NAME_910	DEV4BB LTD|DEV4BB LIMITED
NAME_911	DIGITAL TACTICS INFRASTREETRUCTURE LTD|DIGITAL TACTICS INFRASTRUCTURE LIMITED|DIGITAL TACTICS INFRASTRUCTURE LTD
NAME_912	DOMAIN CORP LTD|DOMAIN CORP LIMITED
NAME_913	DTS SOLUTION - CYBER SECURITY LIMITED|DTS SOLUTION - CYBER SECURITY LTD
NAME_914	DUFTAR LIMITED|DUFTAR LTD
NAME_915	EPIPHYTE (UNITED KINGDOM) LTD|EPIPHYTE (UK) LTD|EPIPHYTE (UK) LIMITED
NAME_916	ETHICA INTERNET LIMITED|ETHICA INTERNET LTD
NAME_917	EUSTON CONSULTANCY SERVICES LTD|EUSTON CONSULTANCY SERVICES LIMITED|EUSTREETON CONSULTANCY SERVICES LTD
NAME_918	F2 CONSULTANTS LTD|F2 CONSULTANTS LIMITED
NAME_919	G1ANT LIMITED|G1ANT LTD
NAME_920	GLOBAL BIZZ SERVICES LTD|GLOBAL BIZZ SERVICES LIMITED
NAME_921	HIERARCHY CONSULTING LTD|HIERARCHY CONSULTING LIMITED
NAME_922	HUBJET LIMITED|HUBJET LTD
NAME_923	IKERTON LIMITED|IKERTON LTD
NAME_924	INDUS GLOBAL CORP LIMITED|INDUS GLOBAL CORP LTD
NAME_925	INNOVATIVE INTERFACES INTL LIMITED|INNOVATIVE INTERFACES INTERNATIONAL LIMITED|INNOVATIVE INTERFACES INTERNATIONAL LTD
NAME_926	INNOVATIVE INTERFACES LIMITED|INNOVATIVE INTERFACES LTD
NAME_927	INSTASMART SOFTWARE SOLUTIONS LIMITED|INSTREETASMART SOFTWARE SOLUTIONS LIMITED|INSTASMART SOFTWARE SOLUTIONS LTD
NAME_928	ITCSS (IT CONSULTING SUPPORT &  STRATEGIES) LTD|ITCSS (IT CONSULTING SUPPORT &  STREETRATEGIES) LTD|ITCSS (IT CONSULTING SUPPORT &  STRATEGIES) LIMITED
NAME_929	JAYS SYSTEMS LTD|JAYS SYSTREETEMS LTD|JAYS SYSTEMS LIMITED
NAME_930	JMLNET LTD|JMLNET LIMITED
NAME_931	JOUPLE LIMITED|JOUPLE LTD
NAME_932	LOST PIXELS LTD|LOSTREET PIXELS LIMITED|LOST PIXELS LIMITED
NAME_933	MAKE IT PROFESSIONAL LTD|MAKE IT PROFESSIONAL LIMITED
NAME_934	MATSON DIGITAL LIMITED|MATSON DIGITAL LTD
NAME_935	MAXOFT LTD|MAXOFT LIMITED
NAME_936	MINDVIEW CONSULTING LTD|MINDVIEW CONSULTING LIMITED
NAME_937	MORGAN BROOKS SERVICES LIMITED|MORGAN BROOKS SERVICES LTD
NAME_938	MTG ENTERPRISE LIMITED|MTG ENTERPRISE LTD
NAME_939	NEW CRANE LIMITED|NEW CRANE LTD
NAME_940	OCTAVIAN TECHNOLOGY LTD|OCTAVIAN TECHNOLOGY LIMITED
NAME_941	PERSEA TECHNOLOGIES LTD|PERSEA TECHNOLOGIES LIMITED
NAME_942	QUALITY GOODS &  SERVICES LTD|QUALITY GOODS &  SERVICES LIMITED
NAME_943	REDMAIN SOLUTIONS LTD|REDMAIN SOLUTIONS LIMITED
NAME_944	REDSHIFT TECHNOLOGIES LTD|REDSHIFT TECHNOLOGIES LIMITED
NAME_945	REDSTONE CONVERGED SOLUTIONS LIMITED|REDSTREETONE CONVERGED SOLUTIONS LIMITED|REDSTONE CONVERGED SOLUTIONS LTD
NAME_946	SAFEGUARD IT LIMITED|SAFEGUARD IT LTD|SAFEGUAROAD IT LIMITED
NAME_947	SHOOT ME LIMITED|SHOOT ME LTD
NAME_948	SIGNATURE NETWORK SOLUTIONS LTD|SIGNATURE NETWORK SOLUTIONS LIMITED
NAME_949	SIMPLEWORKS INT. LTD|SIMPLEWORKS INT. LIMITED
NAME_950	SMARTMED GLOBAL LIMITED|SMARTMED GLOBAL LTD
NAME_951	SOFTIMPEX LTD.|SOFTIMPEX LIMITED.
NAME_952	SONERA CORPORATIVE LTD.|SONERA CORPORATIVE LIMITED.
NAME_953	SPARTALINK LIMITED|SPARTALINK LTD
NAME_954	SPECIALIST COMPUTER SOFTWARE LIMITED|SPECIALISTREET COMPUTER SOFTWARE LIMITED|SPECIALIST COMPUTER SOFTWARE LTD
NAME_955	SS&C SOLUTIONS LTD|SS&C SOLUTIONS LIMITED
NAME_956	SYNATEL LIMITED|SYNATEL LTD
NAME_957	TECHXCHANGE CONSULTING LIMITED|TECHXCHANGE CONSULTING LTD
NAME_958	TEKMONKS LIMITED|TEKMONKS LTD
NAME_959	TOTAL SYSTEMS PLC|TOTAL SYSTREETEMS PLC
NAME_960	TRADERSERVE LTD|TRADERSERVE LIMITED
NAME_961	UNIGRAND TECHNOLOGY LTD|UNIGRAND TECHNOLOGY LIMITED
NAME_962	UTD. BY CONTENT UK LTD|UTD. BY CONTENT UK LIMITED|UTD. BY CONTENT UNITED KINGDOM LIMITED
NAME_963	VELO PRODUCTION LTD|VELO PRODUCTION LIMITED
NAME_964	VENTURE SYSTREETEMS LIMITED|VENTURE SYSTEMS LIMITED|VENTURE SYSTEMS LTD
NAME_965	VIVID BLOCK LIMITED|VIVID BLOCK LTD
NAME_966	VYCRON DESIGN LIMITED|VYCRON DESIGN LTD
NAME_967	YOUNG ROBOT LTD|YOUNG ROBOT LIMITED
NAME_968	'RIMS ENTERPRISE SOLUTIONS LTD|'RIMS ENTERPRISE SOLUTIONS LIMITED
NAME_969	*+ LIMITED|*+ LTD
NAME_970	01 TELECOM LTD|01 TELECOM LIMITED
NAME_971	01SOLUTION LIMITED|01SOLUTION LTD
NAME_972	08845746 LIMITED|08845746 LTD
NAME_973	0902 LIMITED|0902 LTD
NAME_974	0PT1MATES LIMITED.|0PT1MATES LTD.
NAME_975	0TENTIC8 LIMITED|0TENTIC8 LTD
NAME_976	1 B C LIMITED|1 B C LTD
NAME_977	1 CHOICE INTERNET LIMITED|1 CHOICE INTERNET LTD
NAME_978	1 MEDIA LTD|1 MEDIA LIMITED
NAME_979	1 MINUS 1 LIMITED|1 MINUS 1 LTD
NAME_980	1 ONION LTD|1 ONION LIMITED
NAME_981	1 STOP WEB LIMITED|1 STOP WEB LTD|1 STREETOP WEB LIMITED
NAME_982	1&1 INTERNET LIMITED|1&1 INTERNET LTD
NAME_983	10 CREATIVE LTD|10 CREATIVE LIMITED
NAME_984	10 DIGITAL LADIES LIMITED|10 DIGITAL LADIES LTD
NAME_985	10 SQ LIMITED|10 SQUARE LTD|10 SQUARE LIMITED
NAME_986	10000 VOLT TECHNOLOGIES LIMITED|10000 VOLT TECHNOLOGIES LTD
NAME_987	10001 LIMITED|10001 LTD
NAME_988	1001 VM LIMITED|1001 VM LTD
NAME_989	100STARLINGS LIMITED|100STREETARLINGS LIMITED|100STARLINGS LTD
NAME_990	100X TECH LIMITED|100X TECH LTD
NAME_991	101 CAD LTD|101 CAD LIMITED
NAME_992	101 IT LIMITED|101 IT LTD
NAME_993	101 NET SOLUTIONS LIMITED|101 NET SOLUTIONS LTD
NAME_994	101 SOLUTIONS LTD|101 SOLUTIONS LIMITED
NAME_995	101 SYSTEM WORKS LIMITED|101 SYSTEM WORKS LTD|101 SYSTREETEM WORKS LTD
NAME_996	101 WEB LTD|101 WEB LIMITED
NAME_997	101DOMAIN LTD|101DOMAIN LIMITED
NAME_998	101SMART LIMITED|101SMART LTD
NAME_999	1045 DESIGN STUDIOS LIMITED|1045 DESIGN STREETUDIOS LTD|1045 DESIGN STUDIOS LTD
NAME_1000	10DUKE SOFTWARE LTD.|10DUKE SOFTWARE LIMITED.|10DUNITED KINGDOME SOFTWARE LTD.
