NAME_1	1 MOBILE LIMITED|1 MOBILE LTD
NAME_2	1 TECH LTD|1 TECH LIMITED
NAME_3	23 SNAPS LIMITED|23 SNAPS LTD
NAME_4	2E2 SERVICES LIMITED|2E2 SERVICES LTD
NAME_5	2E2 UK LIMITED|2E2 UK LTD
NAME_6	40 50 MEDIA LIMITED|40 50 MEDIA LTD
NAME_7	4D DATA CENTRES LTD|4D DATA CENTRES LIMITED
NAME_8	4GETMOBILE LIMITED|4GETMOBILE LTD
NAME_9	4SL CONSULTING LIMITED|4SL CONSULTING LTD
NAME_10	4TC SERVICES LTD|4TC SERVICES LIMITED
NAME_11	A-INFINITY LTD|A-INFINITY LIMITED
NAME_12	A-TEK SOLUTIONS LTD|A-TEK SOLUTIONS LIMITED
NAME_13	A.I. TALENT LTD|A.I. TALENT LIMITED
NAME_14	AAA CONSULT LIMITED|AAA CONSULT LTD
NAME_15	AARDVARK UPRISING LIMITED|AAROADVARK UPRISING LIMITED|AARDVARK UPRISING LTD
NAME_16	AB TECHSYS LIMITED|AB TECHSYS LTD
NAME_17	ABLINX LIMITED|ABLINX LTD
NAME_18	ABSU LIMITED|ABSU LTD
NAME_19	ABV SOLUTIONS LIMITED|ABV SOLUTIONS LTD
NAME_20	ACTION FOR THE FUTURE LTD|ACTION FOR THE FUTURE LIMITED
NAME_21	ACTIVATED THINKING LIMITED|ACTIVATED THINKING LTD
NAME_22	ACTIVON PROJECTS LTD|ACTIVON PROJECTS LIMITED
NAME_23	ACTURIS LIMITED|ACTURIS LTD
NAME_24	AD PEPPER MEDIA UK LIMITED|AD PEPPER MEDIA UK LTD
NAME_25	ADCOMPASS LTD.|ADCOMPASS LIMITED.
NAME_26	ADD TO CART LTD|ADD TO CART LIMITED
NAME_27	ADFORM CITY OF LONDON LIMITED|ADFORM LONDON LIMITED|ADFORM LONDON LTD
NAME_28	ADLUDIO LTD|ADLUDIO LIMITED
NAME_29	AFIN-IT GROUP LTD|AFIN-IT GROUP LIMITED
NAME_30	AFTER THE FLOOD LIMITED|AFTER THE FLOOD LTD
NAME_31	AGILE ALLIANCE LTD|AGILE ALLIANCE LIMITED
NAME_32	AGM SOLUTIONS LIMITED|AGM SOLUTIONS LTD
NAME_33	AGOC DIGITAL PRIVATE LIMITED|AGOC DIGITAL PRIVATE LTD
NAME_34	AI CONTROLPOINT LTD|AI CONTROLPOINT LIMITED
NAME_35	AIM ITC LIMITED|AIM ITC LTD
NAME_36	ALCHEMYWORKS LTD|ALCHEMYWORKS LIMITED
NAME_37	ALCHERA TECHNOLOGIES LTD|ALCHERA TECHNOLOGIES LIMITED
NAME_38	ALMARADIX LIMITED|ALMARADIX LTD
NAME_39	ALTIASERVICES LTD.|ALTIASERVICES LIMITED.
NAME_40	ALTIATECH LTD|ALTIATECH LIMITED
NAME_41	AM TECHNICAL LTD|AM TECHNICAL LIMITED
NAME_42	AMBIENCE INVESTREETMENT LTD|AMBIENCE INVESTMENT LTD|AMBIENCE INVESTMENT LIMITED
NAME_43	AMISSION LTD|AMISSION LIMITED
NAME_44	AMLEU SOFTWARE DEVELOPMENT UK LTD|AMLEU SOFTWARE DEVELOPMENT UK LIMITED
NAME_45	ANGELLISTREET LIMITED|ANGELLIST LIMITED|ANGELLIST LTD
NAME_46	ANGLO PAK SOLUTION LTD|ANGLO PAK SOLUTION LIMITED
NAME_47	ANOMALIES LIMITED|ANOMALIES LTD
NAME_48	ANVIL RECRUITMENT LIMITED|ANVIL RECRUITMENT LTD
NAME_49	APP-ALACARTE LTD|APP-ALACARTE LIMITED
NAME_50	APPDRAGON LIMITED|APPDRAGON LTD
NAME_51	ARCHON DEVELOPMENT UK LIMITED|ARCHON DEVELOPMENT UK LTD
NAME_52	ARCTOUS LIMITED|ARCTOUS LTD
NAME_53	ARCTREE CONSULTING LIMITED|ARCTREE CONSULTING LTD
NAME_54	AREZA LTD|AREZA LIMITED
NAME_55	ARGUS INTELLIGENCE LTD|ARGUS INTELLIGENCE LIMITED
NAME_56	ARKA ASSOCIATES LTD|ARKA ASSOCIATES LIMITED
NAME_57	ARROW DIGITAL MEDIA PRIVATE LIMITED|ARROW DIGITAL MEDIA PRIVATE LTD
NAME_58	ARTANEON LIMITED|ARTANEON LTD
NAME_59	ARTESAN STREETUDIOS LIMITED|ARTESAN STUDIOS LIMITED|ARTESAN STUDIOS LTD
NAME_60	ARTLINES MEDIA LTD|ARTLINES MEDIA LIMITED
NAME_61	ARUBACLOUD LIMITED|ARUBACLOUD LTD
NAME_62	ASITY LTD|ASITY LIMITED
NAME_63	ASSERTIVE MEDIA SOLUTIONS LTD|ASSERTIVE MEDIA SOLUTIONS LIMITED
NAME_64	ASSET ICT LIMITED|ASSET ICT LTD
NAME_65	ATRI SERVICES LIMITED|ATRI SERVICES LTD
NAME_66	ATTICMEDIA LIMITED|ATTICMEDIA LTD
NAME_67	AUDEZA LTD|AUDEZA LIMITED
NAME_68	AVENIR TECHNOLOGY LTD|AVENUENIR TECHNOLOGY LIMITED|AVENIR TECHNOLOGY LIMITED
NAME_69	AYIMA LIMITED|AYIMA LTD
NAME_70	AYSCIO LTD|AYSCIO LIMITED
NAME_71	AZUROS LIMITED|AZUROS LTD
NAME_72	BABY BEAUTY GROUP LIMITED.|BABY BEAUTY GROUP LTD.
NAME_73	BACKUP AND RUNNING PLC
NAME_74	BCSG LIMITED|BCSG LTD
NAME_75	BEDBUG STUDIO LIMITED|BEDBUG STREETUDIO LTD|BEDBUG STUDIO LTD
NAME_76	BEDROOM CITY OF LONDON LIMITED|BEDROOM LONDON LTD|BEDROOM LONDON LIMITED
NAME_77	BEMOIR LTD|BEMOIR LIMITED
NAME_78	BEN YOUNG CONSULTANCY LTD|BEN YOUNG CONSULTANCY LIMITED
NAME_79	BETTER CITIES LTD|BETTER CITIES LIMITED
NAME_80	BETTER WEB SOLUTIONS LIMITED|BETTER WEB SOLUTIONS LTD
NAME_81	BIFF TRADING LIMITED|BIFF TRADING LTD
NAME_82	BIOSCITEX LIMITED.|BIOSCITEX LTD.
NAME_83	BITOK LTD|BITOK LIMITED
NAME_84	BIZ ANALYSIS SERVICES LIMITED|BIZ ANALYSIS SERVICES LTD
NAME_85	BLAHTECH LIMITED|BLAHTECH LTD
NAME_86	BLANCHE SYSTEMS LIMITED|BLANCHE SYSTREETEMS LIMITED|BLANCHE SYSTEMS LTD
NAME_87	BLINKIT LIMITED|BLINKIT LTD
NAME_88	BLUE VISION CONSULTING LIMITED|BLUE VISION CONSULTING LTD
NAME_89	BLUESHED.CO.UK LIMITED|BLUESHED.CO.UK LTD
NAME_90	BM STUDIOS LTD|BM STREETUDIOS LIMITED|BM STUDIOS LIMITED
NAME_91	BODOR LIMITED|BODOR LTD
NAME_92	BOENISCH LTD|BOENISCH LIMITED
NAME_93	BOLYX INVESTMENTS LIMITED|BOLYX INVESTMENTS LTD|BOLYX INVESTREETMENTS LIMITED
NAME_94	BONDSMEN GROUP LIMITED|BONDSMEN GROUP LTD
NAME_95	BOROADER CAPITAL LIMITED|BORDER CAPITAL LIMITED|BORDER CAPITAL LTD
NAME_96	BORNE DIGITAL LTD|BORNE DIGITAL LIMITED
NAME_97	BOWATER DATA SERVICES LIMITED|BOWATER DATA SERVICES LTD
NAME_98	BRADLINK LTD|BRADLINK LIMITED
NAME_99	BRAINSHOWCASE LTD|BRAINSHOWCASE LIMITED
NAME_100	BRAVOSOLUTION TECHNOLOGIES LIMITED|BRAVOSOLUTION TECHNOLOGIES LTD
NAME_101	BRILLIO UK LTD|BRILLIO UK LIMITED
NAME_102	BRISQQ LTD.|BRISQQ LIMITED.
NAME_103	BRDBAND &  HOSTING UK LIMITED|BROADBAND &  HOSTING UK LIMITED|BROADBAND &  HOSTREETING UK LIMITED|BROADBAND &  HOSTING UK LTD
NAME_104	BT CORNWALL LTD|BT CORNWALL LIMITED
NAME_105	BT LANCASHIRE SERVICES LIMITED|BT LANCASHIRE SERVICES LTD
NAME_106	BURSTREET TIMES LIMITED|BURST TIMES LIMITED|BURST TIMES LTD
NAME_107	BUSINESS CENTRIC SERVICES GROUP LTD|BUSINESS CENTRIC SERVICES GROUP LIMITED
NAME_108	BYNDER LTD|BYNDER LIMITED
NAME_109	CABLETECH NETWORKS LIMITED|CABLETECH NETWORKS LTD
NAME_110	CAIMAN COMMUNICATIONS LTD|CAIMAN COMMUNICATIONS LIMITED
NAME_111	CALLSQUAD LTD|CALLSQUAD LIMITED
NAME_112	CAMFOLIO LIMITED|CAMFOLIO LTD
NAME_113	CAPILLA LIMITED|CAPILLA LTD
NAME_114	CARRINGTON SOLUTIONS LIMITED|CARRINGTON SOLUTIONS LTD
NAME_115	CASE ANALYSIS SOLUTIONS LIMITED|CASE ANALYSIS SOLUTIONS LTD
NAME_116	CASH ON MOBILE LTD|CASH ON MOBILE LIMITED
NAME_117	CATIPH SERVICES LIMITED|CATIPH SERVICES LTD
NAME_118	CEE CHANGERS LIMITED|CEE CHANGERS LTD
NAME_119	CEELOGIC LIMITED|CEELOGIC LTD
NAME_120	CELERITY INFORMATION SERVICES LTD|CELERITY INFORMATION SERVICES LIMITED
NAME_121	CENTRILLIUM LIMITED|CENTRILLIUM LTD
NAME_122	CHANNEL-C LTD|CHANNEL-C LIMITED
NAME_123	CHERRYPICKIT LTD|CHERRYPICKIT LIMITED
NAME_124	CHI DIGITAL DESIGN LTD.|CHI DIGITAL DESIGN LIMITED.
NAME_125	CHOCOLATEY LTD|CHOCOLATEY LIMITED
NAME_126	CIRCUIT BAKERY LIMITED|CIRCUIT BAKERY LTD
NAME_127	CISILION (GROUP) LTD|CISILION (GROUP) LIMITED
NAME_128	CISILION LIMITED|CISILION LTD
NAME_129	CLEAR CONSULTING LIMITED|CLEAR CONSULTING LTD
NAME_130	CLEBBR LIMITED|CLEBBR LTD
NAME_131	CLICK A SERVICE LTD|CLICK A SERVICE LIMITED
NAME_132	CLICK PERFORMANCE LTD|CLICK PERFORMANCE LIMITED
NAME_133	CLICK PROFITS LIMITED|CLICK PROFITS LTD
NAME_134	CLICKS2CUSTOMERS (UK) LTD|CLICKS2CUSTOMERS (UK) LIMITED|CLICKS2CUSTREETOMERS (UK) LIMITED
NAME_135	CLICKUNI LTD|CLICKUNI LIMITED
NAME_136	CLIENTWIRE LTD|CLIENTWIRE LIMITED
NAME_137	CLOUD VEND LTD|CLOUD VEND LIMITED
NAME_138	CLOUDBIZ LIMITED|CLOUDBIZ LTD
NAME_139	CLOUDE-SCORM LTD|CLOUDE-SCORM LIMITED
NAME_140	CLOUDIFIE LIMITED|CLOUDIFIE LTD
NAME_141	CO-D LONDON LTD|CO-D CITY OF LONDON LIMITED|CO-D LONDON LIMITED
NAME_142	COBWEB OUTSOURCE LTD|COBWEB OUTSOURCE LIMITED
NAME_143	COGNITIVE FINANCE GROUP LTD|COGNITIVE FINANCE GROUP LIMITED
NAME_144	COGNITIVE OPTIMUM LTD|COGNITIVE OPTIMUM LIMITED
NAME_145	COLLABERA EUROPE LTD|COLLABERA EUROPE LIMITED
NAME_146	COLUX RECRUITMENT LTD|COLUX RECRUITMENT LIMITED
NAME_147	COMMERA CAPITAL LIMITED|COMMERA CAPITAL LTD
NAME_148	COMPIT COMPUTING LTD|COMPIT COMPUTING LIMITED
NAME_149	COMPOUND FREEDOM LIMITED|COMPOUND FREEDOM LTD
NAME_150	COMPUSERVICES LIMITED|COMPUSERVICES LTD
NAME_151	COMPUTAGEEKS LIMITED|COMPUTAGEEKS LTD
NAME_152	COMPUTER TERRORISM (UK) LTD|COMPUTER TERRORISM (UK) LIMITED
NAME_153	COMYOUCOM LIMITED|COMYOUCOM LTD
NAME_154	CONCRETE MEDIA LIMITED|CONCRETE MEDIA LTD
NAME_155	CONSERP LIMITED|CONSERP LTD
NAME_156	CONSULTING SPIRIT LTD|CONSULTING SPIRIT LIMITED
NAME_157	CONSUMERTHINK UK LTD|CONSUMERTHINK UK LIMITED
NAME_158	CONTEC-GLOBAL LTD|CONTEC-GLOBAL LIMITED
NAME_159	CONTORNO-INK LIMITED|CONTORNO-INK LTD
NAME_160	COOLEA DEVELOPERS LTD|COOLEA DEVELOPERS LIMITED
NAME_161	CRAFTS AND LOOMS LIMITED|CRAFTS AND LOOMS LTD
NAME_162	CRASH MEDIA GROUP LTD|CRASH MEDIA GROUP LIMITED
NAME_163	CREATIVENERDS LIMITED|CREATIVENERDS LTD|CREATIVENEROADS LTD
NAME_164	CREDIT MARKET ANALYSIS LTD|CREDIT MARKET ANALYSIS LIMITED
NAME_165	CRESCENDO WORLDWIDE LTD|CRESCENDO WORLDWIDE LIMITED
NAME_166	CRIBFINDER LIMITED|CRIBFINDER LTD
NAME_167	CROGTECH LTD|CROGTECH LIMITED
NAME_168	CROSSITE LIMITED|CROSSITE LTD
NAME_169	CROWDSCORES LTD|CROWDSCORES LIMITED
NAME_170	CRUCIAL MEDIA GROUP LTD.|CRUCIAL MEDIA GROUP LIMITED.
NAME_171	CSVCONSULT LIMITED|CSVCONSULT LTD
NAME_172	CT CONSULTANTS LIMITED|CT CONSULTANTS LTD
NAME_173	CTS TECHNOLOGY LIMITED|CTS TECHNOLOGY LTD
NAME_174	CUBE 33 DESIGN LIMITED|CUBE 33 DESIGN LTD
NAME_175	CUBE19 LTD|CUBE19 LIMITED
NAME_176	CYBACORE LTD|CYBACORE LIMITED
NAME_177	CYBERISK SECURITY SOLUTION (UK) LIMITED|CYBERISK SECURITY SOLUTION (UK) LTD
NAME_178	DALMARTIN LIMITED|DALMARTIN LTD
NAME_179	DANDAN DIGITAL LIMITED|DANDAN DIGITAL LTD
NAME_180	DAOTEC LTD|DAOTEC LIMITED
NAME_181	DASHHOUND LTD|DASHHOUND LIMITED
NAME_182	DATA SYNOPSIS LTD|DATA SYNOPSIS LIMITED
NAME_183	DAZZLE TECHNOLOGY LIMITED|DAZZLE TECHNOLOGY LTD
NAME_184	DC INTELLIGENCE LTD|DC INTELLIGENCE LIMITED
NAME_185	DEALPIPS LIMITED|DEALPIPS LTD
NAME_186	DECIMAL FACTOR SOFTWARE LIMITED|DECIMAL FACTOR SOFTWARE LTD
NAME_187	DECODE DIGITAL LTD|DECODE DIGITAL LIMITED
NAME_188	DEENATH LIMITED|DEENATH LTD
NAME_189	DELBRY LIMITED|DELBRY LTD
NAME_190	DELIVER BRAND MARKETING LTD|DELIVER BRAND MARKETING LIMITED
NAME_191	DENTAL BUSINESS BUTLERS LTD|DENTAL BUSINESS BUTLERS LIMITED
NAME_192	DESIGN AND PROSPER LTD|DESIGN AND PROSPER LIMITED
NAME_193	DESIGN FOR ME LTD|DESIGN FOR ME LIMITED
NAME_194	DESIGNOPOLY LTD|DESIGNOPOLY LIMITED
NAME_195	DHPM LTD|DHPM LIMITED
NAME_196	DIG LONDON LIMITED|DIG LONDON LTD|DIG CITY OF LONDON LIMITED
NAME_197	DIGIPOLIS LTD|DIGIPOLIS LIMITED
NAME_198	DIGITAL ACUMEN PLC
NAME_199	DIGITAL CAPACITY LTD|DIGITAL CAPACITY LIMITED
NAME_200	DIGITAL GOODS STREETORE LTD|DIGITAL GOODS STORE LTD|DIGITAL GOODS STORE LIMITED
NAME_201	DIGITAL HUB MEDIA PRIVATE LTD|DIGITAL HUB MEDIA PRIVATE LIMITED
NAME_202	DIGITAL INCLUSION TECHNOLOGY GROUP (CSTREET PROGRAMMES) LIMITED|DIGITAL INCLUSION TECHNOLOGY GROUP (CST PROGRAMMES) LTD|DIGITAL INCLUSION TECHNOLOGY GROUP (CST PROGRAMMES) LIMITED
NAME_203	DIGITAL INCLUSION TECHNOLOGY GROUP (IAP) LIMITED|DIGITAL INCLUSION TECHNOLOGY GROUP (IAP) LTD
NAME_204	DIGITAL INK DROP C.I.C.
NAME_205	DIMANCHE LIMITED|DIMANCHE LTD
NAME_206	DISPATCH MESSENGER LTD|DISPATCH MESSENGER LIMITED
NAME_207	DMS NETWORK LIMITED|DMS NETWORK LTD
NAME_208	DOMAIN SECURITIES LTD|DOMAIN SECURITIES LIMITED
NAME_209	DREAMBYTE STUDIO LTD|DREAMBYTE STREETUDIO LTD|DREAMBYTE STUDIO LIMITED
NAME_210	DREW AND GREGORIES LTD|DREW AND GREGORIES LIMITED
NAME_211	DRG TEC LTD|DRG TEC LIMITED
NAME_212	DRP WICKHAM CONSULTANCY LIMITED|DRP WICKHAM CONSULTANCY LTD
NAME_213	DT TECHNOLOGY LIMITED|DT TECHNOLOGY LTD
NAME_214	DTM INVEST LIMITED|DTM INVESTREET LIMITED|DTM INVEST LTD
NAME_215	E&S SOFTWARE LIMITED|E&S SOFTWARE LTD
NAME_216	EALING MANAGEMENT ACCOUNTANCY LIMITED|EALING MANAGEMENT ACCOUNTANCY LTD
NAME_217	EASYWARE SOFTWARE SOLUTIONS LIMITED|EASYWARE SOFTWARE SOLUTIONS LTD
NAME_218	EC1 TECHNOLOGIES LTD|EC1 TECHNOLOGIES LIMITED
NAME_219	ECHOSIXTY LTD|ECHOSIXTY LIMITED
NAME_220	EI SQUARE LTD|EI SQUARE LIMITED
NAME_221	EKTBLY LIMITED|EKTBLY LTD
NAME_222	ELECTRONIC MARKET SYSTREETEMS LTD|ELECTRONIC MARKET SYSTEMS LTD|ELECTRONIC MARKET SYSTEMS LIMITED
NAME_223	ELITE TECHNOLOGICAL SOLUTIONS LIMITED|ELITE TECHNOLOGICAL SOLUTIONS LTD
NAME_224	ENRO SOLUTIONS LTD|ENRO SOLUTIONS LIMITED
NAME_225	ENTROM LIMITED|ENTROM LTD
NAME_226	ENVISION MEDIA &  PUBLICATIONS LTD|ENVISION MEDIA &  PUBLICATIONS LIMITED
NAME_227	EQ ENTERPRISES LIMITED|EQ ENTERPRISES LTD
NAME_228	ERICA LABS LIMITED|ERICA LABS LTD
NAME_229	ESCHMANN LIMITED|ESCHMANN LTD
NAME_230	ESTREETORA LTD|ESTORA LIMITED|ESTORA LTD
NAME_231	EUMIS LIMITED|EUMIS LTD
NAME_232	EUREKA NETWORKS LIMITED|EUREKA NETWORKS LTD
NAME_233	EUROPEAN CENTRE FOR RESEARCH &  CONSULTANCY LIMITED|EUROPEAN CENTRE FOR RESEARCH &  CONSULTANCY LTD
NAME_234	EVA GALO LTD.|EVA GALO LIMITED.
NAME_235	EVORI LTD|EVORI LIMITED
NAME_236	EXACT EDITIONS LTD|EXACT EDITIONS LIMITED
NAME_237	EXCEL IT TECHNOLOGIES LTD|EXCEL IT TECHNOLOGIES LIMITED
NAME_238	EXPATGLOBAL LTD|EXPATGLOBAL LIMITED
NAME_239	EXPOSHOPS LTD|EXPOSHOPS LIMITED
NAME_240	EXTREME ELECTRONICS LTD.|EXTREME ELECTRONICS LIMITED.
NAME_241	EXWAL LTD.|EXWAL LIMITED.
NAME_242	F6S NETWORK LIMITED|F6S NETWORK LTD
NAME_243	FACTOM FOUNDATION LIMITED|FACTOM FOUNDATION LTD
NAME_244	FALLYFIN IT &  ELECTRONICS LTD.|FALLYFIN IT &  ELECTRONICS LIMITED.
NAME_245	FAN DOMAINS LTD|FAN DOMAINS LIMITED
NAME_246	FARNTRON LIMITED|FARNTRON LTD
NAME_247	FEELSFLOW LIMITED|FEELSFLOW LTD
NAME_248	FENERGO UK LTD|FENERGO UK LIMITED
NAME_249	FENGSTONE UK LTD|FENGSTREETONE UK LTD|FENGSTONE UK LIMITED
NAME_250	FINTIA LIMITED|FINTIA LTD
NAME_251	FIRE MEDIA INTERACTIVE LIMITED|FIRE MEDIA INTERACTIVE LTD
NAME_252	FIREBIROAD MEDIA LIMITED|FIREBIRD MEDIA LIMITED|FIREBIRD MEDIA LTD
NAME_253	FIRSTREET EASYTEC LTD|FIRST EASYTEC LIMITED|FIRST EASYTEC LTD
NAME_254	FISHEREK LIMITED|FISHEREK LTD
NAME_255	FLASH CLOUD SOLUTIONS LIMITED|FLASH CLOUD SOLUTIONS LTD
NAME_256	FLIP SPORTS LTD|FLIP SPORTS LIMITED
NAME_257	FLOWSTATE LIMITED|FLOWSTREETATE LIMITED|FLOWSTATE LTD
NAME_258	FLOYD TECHNOLOGIES LTD|FLOYD TECHNOLOGIES LIMITED
NAME_259	FLUID ADS LTD|FLUID ADS LIMITED
NAME_260	FOOTFALLS LTD|FOOTFALLS LIMITED
NAME_261	FOR TOMORROW LTD|FOR TOMORROW LIMITED
NAME_262	FOREX ADVISER LIMITED|FOREX ADVISER LTD
NAME_263	FORIS HOLDINGS LTD|FORIS HOLDINGS LIMITED
NAME_264	FOURCUBE LIMITED|FOURCUBE LTD
NAME_265	FREAKINWARE LTD|FREAKINWARE LIMITED
NAME_266	FRIENDSHIPUK LTD|FRIENDSHIPUK LIMITED
NAME_267	FROGNATION LIMITED.|FROGNATION LTD.
NAME_268	FRUUMI LTD|FRUUMI LIMITED
NAME_269	FUNKY LEMON WEB LTD|FUNKY LEMON WEB LIMITED
NAME_270	FURTHERMORE LTD|FURTHERMORE LIMITED
NAME_271	FUTURA TECHNOLOGIES LTD|FUTURA TECHNOLOGIES LIMITED
NAME_272	GENERALCONSULT LTD|GENERALCONSULT LIMITED
NAME_273	GENESIS GLOBAL TECHNOLOGY LTD|GENESIS GLOBAL TECHNOLOGY LIMITED
NAME_274	GENESIS TECHNOLOGY ARCHITECTURE LTD|GENESIS TECHNOLOGY ARCHITECTURE LIMITED
NAME_275	GEOHUBB LIMITED|GEOHUBB LTD
NAME_276	GEORGIE LIMITED|GEORGIE LTD
NAME_277	GHOSTERY LTD|GHOSTREETERY LIMITED|GHOSTERY LIMITED
NAME_278	GIOASS DOMAINS LTD|GIOASS DOMAINS LIMITED
NAME_279	GLOBAL PUBLISHING SOLUTIONS LIMITED|GLOBAL PUBLISHING SOLUTIONS LTD
NAME_280	GLOBAL TECHNOLOGY LONDON LIMITED|GLOBAL TECHNOLOGY CITY OF LONDON LIMITED|GLOBAL TECHNOLOGY LONDON LTD
NAME_281	GLOOMLASH INCORPORATION LTD|GLOOMLASH INCORPORATION LIMITED
NAME_282	GLOPAY LTD|GLOPAY LIMITED
NAME_283	GMCFAR LIMITED|GMCFAR LTD
NAME_284	GOCAROADLESS LTD|GOCARDLESS LIMITED|GOCARDLESS LTD
NAME_285	GOLDFISH DIGITAL MEDIA LIMITED|GOLDFISH DIGITAL MEDIA LTD
NAME_286	GOLDSTAR ELECTRONICS LIMITED|GOLDSTREETAR ELECTRONICS LTD|GOLDSTAR ELECTRONICS LTD
NAME_287	GOLFERS' MATCH LIMITED|GOLFERS' MATCH LTD
NAME_288	GOMABU LTD|GOMABU LIMITED
NAME_289	GOOD IDEAS FOR INTERNET LTD|GOOD IDEAS FOR INTERNET LIMITED
NAME_290	GOTHAM STREETREET UK LIMITED|GOTHAM STREET UK LIMITED|GOTHAM STREET UK LTD|GOTHAM ST UK LIMITED
NAME_291	GREEN FIELDS TECHNOLOGY LTD|GREEN FIELDS TECHNOLOGY LIMITED
NAME_292	GVC LIMITED|GVC LTD
NAME_293	GX2 TECHNOLOGY LTD|GX2 TECHNOLOGY LIMITED
NAME_294	HALAL SPOT LTD|HALAL SPOT LIMITED
NAME_295	HANDYMARTIAN LTD|HANDYMARTIAN LIMITED
NAME_296	HAYFOROAD RECRUITMENT LIMITED|HAYFORD RECRUITMENT LIMITED|HAYFORD RECRUITMENT LTD
NAME_297	HAZELTREE TREASURY UK LTD.|HAZELTREE TREASURY UK LIMITED.
NAME_298	HCF AUTOMATION LTD|HCF AUTOMATION LIMITED
NAME_299	HEALTHFORGE LIMITED|HEALTHFORGE LTD
NAME_300	HIGHGOLD COMMUNICATIONS LIMITED|HIGHGOLD COMMUNICATIONS LTD
NAME_301	HOB CONSULTING LTD|HOB CONSULTING LIMITED
NAME_302	HOMES YOU SHARE LTD|HOMES YOU SHARE LIMITED
NAME_303	HOPESTEAD MANAGEMENT LIMITED|HOPESTEAD MANAGEMENT LTD|HOPESTREETEAD MANAGEMENT LTD
NAME_304	HU BU LTD|HU BU LIMITED
NAME_305	HUUPE LTD|HUUPE LIMITED
NAME_306	HYBRID SMART CONTRACTS MEDIA LIMITED|HYBRID SMART CONTRACTS MEDIA LTD
NAME_307	HYDROAUTOMATION LIMITED|HYDROAUTOMATION LTD
NAME_308	HYPERCYBERNETICS COMPUTATIONAL FINANCE RESEARCH CENTER LTD|HYPERCYBERNETICS COMPUTATIONAL FINANCE RESEARCH CENTER LIMITED
NAME_309	IDEABUILDER LTD|IDEABUILDER LIMITED
NAME_310	IDN PROJECTS LTD|IDN PROJECTS LIMITED
NAME_311	IGNITE UTILITY LIMITED|IGNITE UTILITY LTD
NAME_312	ILAB LIMITED|ILAB LTD
NAME_313	IMPORT.IO LIMITED|IMPORT.IO LTD
NAME_314	IMRAN BAIG MOBILE SOFTWARE TECHNOLOGIES LTD|IMRAN BAIG MOBILE SOFTWARE TECHNOLOGIES LIMITED
NAME_315	INCOMMON LTD|INCOMMON LIMITED
NAME_316	INFERENTIAL LTD|INFERENTIAL LIMITED
NAME_317	INFINITY HOT TUBS LTD|INFINITY HOT TUBS LIMITED
NAME_318	INFO STREETOR LIMITED|INFO STOR LTD|INFO STOR LIMITED
NAME_319	INFODOCS LTD|INFODOCS LIMITED
NAME_320	INFORMATION EXPERIENCE LIMITED|INFORMATION EXPERIENCE LTD
NAME_321	"INFORMATION SERVICES EXTENDED, UK LIMITED"|"INFORMATION SERVICES EXTENDED, UK LTD"
NAME_322	INFORMATION TECHNOLOGY EUROPE PUBLIC SECTOR LTD|INFORMATION TECHNOLOGY EUROPE PUBLIC SECTOR LIMITED
NAME_323	INFOSAAS LIMITED|INFOSAAS LTD
NAME_324	INFOSECO LIMITED|INFOSECO LTD
NAME_325	INFYLINE LTD|INFYLINE LIMITED
NAME_326	INGENIOUS BUSINESS SOLUTIONS LTD|INGENIOUS BUSINESS SOLUTIONS LIMITED
NAME_327	INKU CONSULTANTS LTD|INKU CONSULTANTS LIMITED
NAME_328	INNOVA8E LTD|INNOVA8E LIMITED
NAME_329	INSIGHT INTERNATIONAL (UK) LIMITED|INSIGHT INTERNATIONAL (UK) LTD
NAME_330	INSOLYTICS LTD|INSOLYTICS LIMITED
NAME_331	INSTAPRISE SOLUTIONS LIMITED|INSTREETAPRISE SOLUTIONS LIMITED|INSTAPRISE SOLUTIONS LTD
NAME_332	INTCOMMERCE LIMITED|INTCOMMERCE LTD
NAME_333	INTEGRATION AND SOFTWARE LTD|INTEGRATION AND SOFTWARE LIMITED
NAME_334	INTERFAX UK LTD|INTERFAX UK LIMITED
NAME_335	INTERNET E-MAIL LTD|INTERNET E-MAIL LIMITED
NAME_336	INTERPRETERS-ON-CALL LIMITED|INTERPRETERS-ON-CALL LTD
NAME_337	INTERPRETERSPORTAL LIMITED|INTERPRETERSPORTAL LTD
NAME_338	INVESTIN LIMITED|INVESTREETIN LTD|INVESTIN LTD
NAME_339	IOLOGICS LTD|IOLOGICS LIMITED
NAME_340	IONOVA LTD|IONOVA LIMITED
NAME_341	IPROCURE LTD|IPROCURE LIMITED
NAME_342	IPUBLIC SOLUTIONS LIMITED|IPUBLIC SOLUTIONS LTD
NAME_343	IQ PROFESSIONAL LTD|IQ PROFESSIONAL LIMITED
NAME_344	IQSYS SECURITY LIMITED|IQSYS SECURITY LTD
NAME_345	IRATEU LIMITED|IRATEU LTD
NAME_346	IRATEU VENTURES LTD|IRATEU VENTURES LIMITED
NAME_347	IRISATION LIMITED|IRISATION LTD
NAME_348	IS IT MEANT TO DO THAT? LIMITED|IS IT MEANT TO DO THAT? LTD
NAME_349	ISTOP KIOSKS LTD|ISTOP KIOSKS LIMITED|ISTREETOP KIOSKS LIMITED
NAME_350	IT SYSTREETEMS SOLUTIONS LIMITED|IT SYSTEMS SOLUTIONS LTD|IT SYSTEMS SOLUTIONS LIMITED
NAME_351	IT XPERT LIMITED|IT XPERT LTD
NAME_352	ITEXTPORTAL LIMITED|ITEXTPORTAL LTD
NAME_353	ITFINSG LIMITED|ITFINSG LTD
NAME_354	ITSALLWEDO LIMITED|ITSALLWEDO LTD
NAME_355	J.M. COMPUTING LTD|J.M. COMPUTING LIMITED
NAME_356	JABO LTD|JABO LIMITED
NAME_357	JAJ CAPITAL LTD|JAJ CAPITAL LIMITED
NAME_358	JARVIS MARKETING LTD|JARVIS MARKETING LIMITED
NAME_359	JAVENUELIN BROADBAND LIMITED|JAVELIN BROADBAND LIMITED|JAVELIN BROADBAND LTD|JAVELIN BRDBAND LIMITED
NAME_360	JIGZONE.COM LIMITED|JIGZONE.COM LTD
NAME_361	JINITO LTD|JINITO LIMITED
NAME_362	JMC. IT GROUP LTD|JMC. IT GROUP LIMITED
NAME_363	JS INFORMATION SYSTEMS LTD|JS INFORMATION SYSTREETEMS LIMITED|JS INFORMATION SYSTEMS LIMITED
NAME_364	JULIUS CAESAR CONSULTANCY LTD|JULIUS CAESAR CONSULTANCY LIMITED
NAME_365	JWR TRADING LTD|JWR TRADING LIMITED
NAME_366	KANDOLA LUXURIES LTD|KANDOLA LUXURIES LIMITED
NAME_367	KARTEPAY TECHNOLOGIES LIMITED|KARTEPAY TECHNOLOGIES LTD
NAME_368	KAWIKY LIMITED|KAWIKY LTD
NAME_369	KEEBOO UK LIMITED|KEEBOO UK LTD
NAME_370	KEEP IT SIMPLE LIMITED|KEEP IT SIMPLE LTD
NAME_371	KEMLING LIMITED|KEMLING LTD
NAME_372	KENNETIQ LIMITED.|KENNETIQ LTD.
NAME_373	KETZEN LTD|KETZEN LIMITED
NAME_374	KINGSTON WEB SERVICES LIMITED|KINGSTREETON WEB SERVICES LIMITED|KINGSTON WEB SERVICES LTD
NAME_375	KITENZI LTD|KITENZI LIMITED
NAME_376	KIWANO LTD|KIWANO LIMITED
NAME_377	KIYATA LTD|KIYATA LIMITED
NAME_378	KLARKWERK LTD|KLARKWERK LIMITED
NAME_379	KNOWLEDGE WORKERS LIMITED|KNOWLEDGE WORKERS LTD
NAME_380	KUKZY TECHNOLOGIES LTD|KUKZY TECHNOLOGIES LIMITED
NAME_381	LABGRAPHIQUE. LIMITED|LABGRAPHIQUE. LTD
NAME_382	LADIES SAFE LIMITED|LADIES SAFE LTD
NAME_383	LAPTOPFRIENDLY LTD|LAPTOPFRIENDLY LIMITED
NAME_384	LATTISPHERE LIMITED|LATTISPHERE LTD
NAME_385	LAUGHTON IT SERVICES LTD|LAUGHTON IT SERVICES LIMITED
NAME_386	LAURENCE POSTREETGATE LIMITED|LAURENCE POSTGATE LTD|LAURENCE POSTGATE LIMITED
NAME_387	LAZY FACTORY LTD|LAZY FACTORY LIMITED
NAME_388	LEAD LOGIC LIMITED|LEAD LOGIC LTD
NAME_389	LEAN PERSPECTIVE LTD|LEAN PERSPECTIVE LIMITED
NAME_390	LEFT SHIFT IT LTD|LEFT SHIFT IT LIMITED
NAME_391	LEGALEYE (INTERNATIONAL) LIMITED|LEGALEYE (INTERNATIONAL) LTD
NAME_392	LEGALSURE LIMITED|LEGALSURE LTD
NAME_393	LEMON YETI MEDIA LTD|LEMON YETI MEDIA LIMITED
NAME_394	LENDERWIZE LTD|LENDERWIZE LIMITED
NAME_395	LENOLA LTD|LENOLA LIMITED
NAME_396	LIFE DESIGN GROUP LTD|LIFE DESIGN GROUP LIMITED
NAME_397	LIGHTNESS IT LIMITED|LIGHTNESS IT LTD
NAME_398	LINKAGE DESIGN LIMITED|LINKAGE DESIGN LTD
NAME_399	LITTLEBIROAD ONLINE LTD|LITTLEBIRD ONLINE LIMITED|LITTLEBIRD ONLINE LTD
NAME_400	LIVE SMARTER LIMITED.|LIVE SMARTER LTD.
NAME_401	LOCALSTARS LTD|LOCALSTREETARS LTD|LOCALSTARS LIMITED
NAME_402	LOCATA (HOUSING SERVICES) LIMITED|LOCATA (HOUSING SERVICES) LTD
NAME_403	LOGIC REPLACE LTD|LOGIC REPLACE LIMITED
NAME_404	LOGIC SOFT LTD|LOGIC SOFT LIMITED
NAME_405	LOGINWORK LIMITED|LOGINWORK LTD
NAME_406	LOKI INTERNET LIMITED|LOKI INTERNET LTD
NAME_407	LONDON COLLEGE OF INFORMATION TECHNOLOGY LIMITED|CITY OF LONDON COLLEGE OF INFORMATION TECHNOLOGY LTD|LONDON COLLEGE OF INFORMATION TECHNOLOGY LTD
NAME_408	LOYALTY PRIME LIMITED|LOYALTY PRIME LTD
NAME_409	LUCKY YOU STREETUDIO LTD|LUCKY YOU STUDIO LTD|LUCKY YOU STUDIO LIMITED
NAME_410	LUMINEA IT SOLUTIONS LIMITED|LUMINEA IT SOLUTIONS LTD
NAME_411	LUPON MEDIA LTD|LUPON MEDIA LIMITED
NAME_412	LUX REPAIR LTD|LUX REPAIR LIMITED
NAME_413	LYCOM CORPORATION LTD|LYCOM CORPORATION LIMITED
NAME_414	LYTRIBE LTD|LYTRIBE LIMITED
NAME_415	M/A WORK LIMITED|M/A WORK LTD
NAME_416	MAC CREATIONS LIMITED|MAC CREATIONS LTD
NAME_417	MADDOX MARKETING LTD|MADDOX MARKETING LIMITED
NAME_418	MAGENTA IT CONSULTING LIMITED|MAGENTA IT CONSULTING LTD
NAME_419	MAGNETIC IT LTD|MAGNETIC IT LIMITED
NAME_420	MAILJET SAAS LIMITED|MAILJET SAAS LTD
NAME_421	MANAGIS LTD|MANAGIS LIMITED
NAME_422	MANDIANT LTD.|MANDIANT LIMITED.
NAME_423	MAR IT SERVICES LTD|MAR IT SERVICES LIMITED
NAME_424	MASTER IN RESEARCH LTD|MASTREETER IN RESEARCH LTD|MASTER IN RESEARCH LIMITED
NAME_425	MASTERING MEDIA (PRODUCTION ADVICE) LIMITED|MASTERING MEDIA (PRODUCTION ADVICE) LTD|MASTREETERING MEDIA (PRODUCTION ADVICE) LTD
NAME_426	MASTERS OF CEREMONIES LTD|MASTERS OF CEREMONIES LIMITED|MASTREETERS OF CEREMONIES LIMITED
NAME_427	MBA INFORMATION TECHNOLOGY LTD|MBA INFORMATION TECHNOLOGY LIMITED
NAME_428	MBA TECHNOLOGIES LIMITED|MBA TECHNOLOGIES LTD
NAME_429	MC ITS LTD|MC ITS LIMITED
NAME_430	MCLEOD ENTERPRISES LTD|MCLEOD ENTERPRISES LIMITED
NAME_431	MEDECAROAD LIMITED|MEDECARD LTD|MEDECARD LIMITED
NAME_432	MEDIA72 HOSTREETING LIMITED|MEDIA72 HOSTING LTD|MEDIA72 HOSTING LIMITED
NAME_433	MEGANETWORK LIMITED|MEGANETWORK LTD
NAME_434	MENDI ASSOCIATES LIMITED|MENDI ASSOCIATES LTD
NAME_435	MENUKOOL FOODS LTD|MENUKOOL FOODS LIMITED
NAME_436	MILLHOUSE KAYSER LIMITED|MILLHOUSE KAYSER LTD
NAME_437	MINT DIGITAL LIMITED|MINT DIGITAL LTD
NAME_438	MIQAT TECHNOLOGIES LIMITED|MIQAT TECHNOLOGIES LTD
NAME_439	MISSINGLETTR LTD|MISSINGLETTR LIMITED
NAME_440	MOBILE TECTONICS LIMITED|MOBILE TECTONICS LTD
NAME_441	MONETIC LIMITED|MONETIC LTD
NAME_442	MONGOOSE GRAY LTD|MONGOOSE GRAY LIMITED
NAME_443	MOODAWAY LTD|MOODAWAY LIMITED
NAME_444	MORNINGSTAR EUROPE LTD|MORNINGSTAR EUROPE LIMITED|MORNINGSTREETAR EUROPE LIMITED
NAME_445	MORSE GROUP LTD|MORSE GROUP LIMITED
NAME_446	MOTION SOLUTIONS LTD|MOTION SOLUTIONS LIMITED
NAME_447	MPSCOTT LTD|MPSCOTT LIMITED
NAME_448	MTIVITY LTD|MTIVITY LIMITED
NAME_449	MULROONEY MEDIA LTD|MULROONEY MEDIA LIMITED
NAME_450	MUNKEY LIMITED|MUNKEY LTD
NAME_451	MX STUDIO LTD|MX STREETUDIO LTD|MX STUDIO LIMITED
NAME_452	MYBUSKS LIMITED|MYBUSKS LTD
NAME_453	MYCLOUDHOSTREET LIMITED|MYCLOUDHOST LIMITED|MYCLOUDHOST LTD
NAME_454	MYTODDLR LIMITED|MYTODDLR LTD
NAME_455	N.KO ENGINEERING LTD|N.KO ENGINEERING LIMITED
NAME_456	NANOTEMPER TECHNOLOGIES LTD|NANOTEMPER TECHNOLOGIES LIMITED
NAME_457	NARC INTERACTIVE SERVICES LIMITED|NARC INTERACTIVE SERVICES LTD
NAME_458	NATICI LIMITED|NATICI LTD
NAME_459	NATIVEAPPSTUDIO LIMITED|NATIVEAPPSTREETUDIO LTD|NATIVEAPPSTUDIO LTD
NAME_460	NCP SOFTWARE &  CONSULTANT LIMITED|NCP SOFTWARE &  CONSULTANT LTD
NAME_461	NCSOFT EUROPE LIMITED|NCSOFT EUROPE LTD
NAME_462	NEONSTREETREAM LIMITED|NEONSTREAM LIMITED|NEONSTREAM LTD
NAME_463	NEPHRITE CONSULTANCY LTD|NEPHRITE CONSULTANCY LIMITED
NAME_464	NEROADABILITY LTD|NERDABILITY LTD|NERDABILITY LIMITED
NAME_465	NET SELECT LIMITED|NET SELECT LTD
NAME_466	NETRESULT SOLUTIONS LIMITED|NETRESULT SOLUTIONS LTD
NAME_467	NETSWITCH LIMITED|NETSWITCH LTD
NAME_468	NETWORK &  SECURITY LTD|NETWORK &  SECURITY LIMITED
NAME_469	NETWORK FIBRE LIMITED|NETWORK FIBRE LTD
NAME_470	NETWORKUP LIMITED|NETWORKUP LTD
NAME_471	NEUTRINO NETWORKS LTD|NEUTRINO NETWORKS LIMITED
NAME_472	NEW BYTE LIMITED|NEW BYTE LTD
NAME_473	NEW GAME TECHNOLOGIES LIMITED|NEW GAME TECHNOLOGIES LTD
NAME_474	NEW MODEL IDENTITY LTD|NEW MODEL IDENTITY LIMITED
NAME_475	NEWGEN TECHNOLOGIES LIMITED|NEWGEN TECHNOLOGIES LTD
NAME_476	NEWNRG PTY LTD|NEWNRG PTY LIMITED
NAME_477	NINESTARS INFORMATION TECHNOLOGIES UK LIMITED|NINESTARS INFORMATION TECHNOLOGIES UK LTD|NINESTREETARS INFORMATION TECHNOLOGIES UK LIMITED
NAME_478	NINETY NORTH LIMITED|NINETY NORTH LTD
NAME_479	NK IT SOLUTIONS LIMITED|NK IT SOLUTIONS LTD
NAME_480	NMX IT SOLUTIONS LTD|NMX IT SOLUTIONS LIMITED
NAME_481	NOBLE WEB SOLUTIONS LTD|NOBLE WEB SOLUTIONS LIMITED
NAME_482	NODEX LIMITED|NODEX LTD
NAME_483	NOVELLIC LIMITED|NOVELLIC LTD
NAME_484	NPIRE DIGITAL LIMITED|NPIRE DIGITAL LTD
NAME_485	NUMBER VIOLET LTD|NUMBER VIOLET LIMITED
NAME_486	NUTRALIFE SOLUTION LTD|NUTRALIFE SOLUTION LIMITED
NAME_487	O'HWAYS LIMITED|O'HWAYS LTD
NAME_488	ODEGRA LTD|ODEGRA LIMITED
NAME_489	OFFSITE DATA STORAGE LIMITED|OFFSITE DATA STREETORAGE LIMITED|OFFSITE DATA STORAGE LTD
NAME_490	OIL INTERNET LTD|OIL INTERNET LIMITED
NAME_491	ONLINE DIGITAL SOLUTIONS LTD|ONLINE DIGITAL SOLUTIONS LIMITED
NAME_492	ONLINE SECURE LIMITED|ONLINE SECURE LTD
NAME_493	OPEN SOURCE INNOVATIONS LIMITED|OPEN SOURCE INNOVATIONS LTD
NAME_494	OPSFACTORY LIMITED|OPSFACTORY LTD
NAME_495	OPTICONVERT LIMITED|OPTICONVERT LTD
NAME_496	OPTIMALCORE LIMITED|OPTIMALCORE LTD
NAME_497	ORICLE DESIGNS LTD|ORICLE DESIGNS LIMITED
NAME_498	ORIEN ASSOCIATES LTD|ORIEN ASSOCIATES LIMITED
NAME_499	OTS CORPORATION LTD|OTS CORPORATION LIMITED
NAME_500	OTT CONSULTANTS LIMITED|OTT CONSULTANTS LTD
NAME_501	OUTCODE LTD|OUTCODE LIMITED
NAME_502	P7WBB LTD|P7WBB LIMITED
NAME_503	PARALLAX SOLUTIONS LTD|PARALLAX SOLUTIONS LIMITED
NAME_504	PAUL COOPER ASSOCIATES LIMITED|PAUL COOPER ASSOCIATES LTD
NAME_505	PC IT SOLUTIONS LIMITED|PC IT SOLUTIONS LTD
NAME_506	PEAKWAVENUE LTD|PEAKWAVE LIMITED|PEAKWAVE LTD
NAME_507	PEAMEW DIGITAL LIMITED|PEAMEW DIGITAL LTD
NAME_508	PEERIUS LIMITED|PEERIUS LTD
NAME_509	PELASGUS LTD|PELASGUS LIMITED
NAME_510	PERHAM UK LTD|PERHAM UK LIMITED
NAME_511	PERSONAL 24 LIMITED|PERSONAL 24 LTD
NAME_512	PETER DIVOS CONSULTING LTD|PETER DIVOS CONSULTING LIMITED
NAME_513	PHMUSEUM LTD|PHMUSEUM LIMITED
NAME_514	PINEMARTEN EDUCATION LTD|PINEMARTEN EDUCATION LIMITED
NAME_515	PINETEC LTD|PINETEC LIMITED
NAME_516	PIPSKI LIMITED|PIPSKI LTD
NAME_517	PIXELRIGHTS LIMITED|PIXELRIGHTS LTD
NAME_518	PIXSENS LTD|PIXSENS LIMITED
NAME_519	PLANETARY VISIONS LIMITED|PLANETARY VISIONS LTD
NAME_520	PLATFI LIMITED|PLATFI LTD
NAME_521	PLATINUM BLUE LTD|PLATINUM BLUE LIMITED
NAME_522	POMEGRANATE HEALTH LIMITED|POMEGRANATE HEALTH LTD
NAME_523	POSSIBLE POINT PRIVATE LTD|POSSIBLE POINT PRIVATE LIMITED
NAME_524	POST &  PLACE (UK) LTD|POSTREET &  PLACE (UK) LTD|POST &  PLACE (UK) LIMITED
NAME_525	PRAMATI TECHNOLOGIES EUROPE LTD|PRAMATI TECHNOLOGIES EUROPE LIMITED
NAME_526	PROCYON STUDIOS LIMITED|PROCYON STUDIOS LTD|PROCYON STREETUDIOS LIMITED
NAME_527	PRODAPT (UK) LIMITED|PRODAPT (UK) LTD
NAME_528	PRODATA TECHNOLOGY LIMITED|PRODATA TECHNOLOGY LTD
NAME_529	PRODEMIC LIMITED|PRODEMIC LTD
NAME_530	PROFIMO LIMITED|PROFIMO LTD
NAME_531	PROGRAMMATIC.LY LTD|PROGRAMMATIC.LY LIMITED
NAME_532	PROMAST TECHNOLOGY LIMITED|PROMAST TECHNOLOGY LTD|PROMASTREET TECHNOLOGY LIMITED
NAME_533	PROXIMA WEB LIMITED|PROXIMA WEB LTD
NAME_534	QLMIETO LTD|QLMIETO LIMITED
NAME_535	QUCONT LTD|QUCONT LIMITED
NAME_536	QUEST TECHNOLOGIES (CITY OF LONDON) LIMITED|QUEST TECHNOLOGIES (LONDON) LIMITED|QUESTREET TECHNOLOGIES (LONDON) LIMITED|QUEST TECHNOLOGIES (LONDON) LTD
NAME_537	QUINTAIN TECHNOLOGY SOLUTIONS LIMITED|QUINTAIN TECHNOLOGY SOLUTIONS LTD
NAME_538	RANK-1 (SOUTH) LIMITED|RANK-1 (SOUTH) LTD
NAME_539	RANKERS LIMITED|RANKERS LTD
NAME_540	RAPPIDLY LTD|RAPPIDLY LIMITED
NAME_541	RCS (CAD) LTD|RCS (CAD) LIMITED
NAME_542	REAL DATACENTRES (EMEA) LIMITED|REAL DATACENTRES (EMEA) LTD
NAME_543	REALITY HITS LTD|REALITY HITS LIMITED
NAME_544	RED PANDA MEDIA LIMITED|RED PANDA MEDIA LTD
NAME_545	RED RAINBOWS LTD|RED RAINBOWS LIMITED
NAME_546	REDHAT IT LIMITED|REDHAT IT LTD
NAME_547	REDSTREETONE DATA SOLUTIONS LIMITED|REDSTONE DATA SOLUTIONS LTD|REDSTONE DATA SOLUTIONS LIMITED
NAME_548	REGIUM CONSULTING LIMITED|REGIUM CONSULTING LTD
NAME_549	REVERSE DELTA LIMITED|REVERSE DELTA LTD
NAME_550	RIVERSIDE COMPUTING SOLUTIONS LTD|RIVERSIDE COMPUTING SOLUTIONS LIMITED
NAME_551	RJM.IT LTD|RJM.IT LIMITED
NAME_552	RM &  JT CONSULTING LTD|RM &  JT CONSULTING LIMITED
NAME_553	ROAD TO WORK LIMITED|ROAD TO WORK LTD|RD TO WORK LIMITED
NAME_554	ROBUCODE LTD|ROBUCODE LIMITED
NAME_555	ROKK3R LABS EMEA LIMITED|ROKK3R LABS EMEA LTD
NAME_556	"ROOKA, LIMITED"|"ROOKA, LTD"
NAME_557	ROOM ONE DESIGN LTD|ROOM ONE DESIGN LIMITED
NAME_558	ROOM ONE DIGITAL LTD|ROOM ONE DIGITAL LIMITED
NAME_559	ROSAMAN LIMITED.|ROSAMAN LTD.
NAME_560	ROSENDAHL CONCEPTKIOSK LTD|ROSENDAHL CONCEPTKIOSK LIMITED
NAME_561	RPM DIGITAL LIMITED|RPM DIGITAL LTD
NAME_562	RTS (RESEARCH &  TECHNOLOGY SOLUTIONS) LTD|RTS (RESEARCH &  TECHNOLOGY SOLUTIONS) LIMITED
NAME_563	RUMMBLE LTD|RUMMBLE LIMITED
NAME_564	SAAIMO LIMITED|SAAIMO LTD
NAME_565	SAHY INTERNATIONAL MANAGEMENT LIMITED|SAHY INTERNATIONAL MANAGEMENT LTD
NAME_566	SATCHCORP LTD|SATCHCORP LIMITED
NAME_567	SAVVY EYE MEDIA LTD|SAVVY EYE MEDIA LIMITED
NAME_568	SAVWIRE LIMITED|SAVWIRE LTD
NAME_569	SCHOOLS MATTER PARTNERS LIMITED|SCHOOLS MATTER PARTNERS LTD
NAME_570	SEARCH MAGNET MARKETING LTD|SEARCH MAGNET MARKETING LIMITED
NAME_571	SECONDBYTE MICROS LTD|SECONDBYTE MICROS LIMITED
NAME_572	SECURE GLOBAL TECHNOLOGIES LIMITED|SECURE GLOBAL TECHNOLOGIES LTD
NAME_573	SECURITY HEADS LIMITED|SECURITY HEADS LTD
NAME_574	SECURYS LTD|SECURYS LIMITED
NAME_575	SEFRICAN LTD|SEFRICAN LIMITED
NAME_576	SERVICE4SERVER LTD|SERVICE4SERVER LIMITED
NAME_577	SHARK DIGITAL CONSULTANCY LTD|SHARK DIGITAL CONSULTANCY LIMITED
NAME_578	SHARK HOSTREETING LIMITED|SHARK HOSTING LTD|SHARK HOSTING LIMITED
NAME_579	SHARK TANK LTD|SHARK TANK LIMITED
NAME_580	SHARP DIGITAL ASSEMBLY LIMITED|SHARP DIGITAL ASSEMBLY LTD
NAME_581	SHEERIE LTD|SHEERIE LIMITED
NAME_582	SHINY IDEAS LIMITED|SHINY IDEAS LTD
NAME_583	SHUFFZCO LIMITED|SHUFFZCO LTD
NAME_584	SIENTECH LTD|SIENTECH LIMITED
NAME_585	SIGMA VENTURES LTD|SIGMA VENTURES LIMITED
NAME_586	SILVERLAKE SYMMETRI (EUROPE) LIMITED|SILVERLAKE SYMMETRI (EUROPE) LTD
NAME_587	SIM GLOBAL MARKETS LIMITED|SIM GLOBAL MARKETS LTD
NAME_588	SIMBOLIC LIMITED|SIMBOLIC LTD
NAME_589	SIMON MARSDEN LTD|SIMON MARSDEN LIMITED
NAME_590	SIMPLE DIGITAL LIMITED|SIMPLE DIGITAL LTD
NAME_591	SKWILE LTD.|SKWILE LIMITED.
NAME_592	SKYGATE DIGITAL LIMITED|SKYGATE DIGITAL LTD
NAME_593	SLEEK NETWORKS LIMITED|SLEEK NETWORKS LTD
NAME_594	SMART STREETORAGE TECHNOLOGIES LIMITED|SMART STORAGE TECHNOLOGIES LIMITED|SMART STORAGE TECHNOLOGIES LTD
NAME_595	SMARTERKEY LIMITED|SMARTERKEY LTD
NAME_596	SMARTLOGIC SCHEMASERVER LIMITED|SMARTLOGIC SCHEMASERVER LTD
NAME_597	SMARTSESSION LTD|SMARTSESSION LIMITED
NAME_598	SNET GLOBAL LIMITED|SNET GLOBAL LTD
NAME_599	SNS TECHNOLOGIES LTD|SNS TECHNOLOGIES LIMITED
NAME_600	SOFTWARE SOLUTIONS (UK) LTD|SOFTWARE SOLUTIONS (UK) LIMITED
NAME_601	SOKAM ONLINE LIMITED|SOKAM ONLINE LTD
NAME_602	SOL MARKET LTD|SOL MARKET LIMITED
NAME_603	SOLID STATE INFLIGHT LTD|SOLID STATE INFLIGHT LIMITED|SOLID STREETATE INFLIGHT LIMITED
NAME_604	SOLISTECH SOLUTIONS LTD|SOLISTREETECH SOLUTIONS LTD|SOLISTECH SOLUTIONS LIMITED
NAME_605	SPARKLE &  FLOW LTD|SPARKLE &  FLOW LIMITED
NAME_606	SPECIALISTREETSUK LIMITED|SPECIALISTSUK LTD|SPECIALISTSUK LIMITED
NAME_607	SPEECHBUBBLE CONSULTANCY LTD|SPEECHBUBBLE CONSULTANCY LIMITED
NAME_608	SPIRISICAL LTD|SPIRISICAL LIMITED
NAME_609	SPOTAHOME LTD|SPOTAHOME LIMITED
NAME_610	SPRING DIGITAL LIMITED|SPRING DIGITAL LTD
NAME_611	SPRINKLR UK LIMITED|SPRINKLR UK LTD
NAME_612	SQUARE EYE LTD|SQUARE EYE LIMITED
NAME_613	STACK EXCHANGE LTD|STREETACK EXCHANGE LTD|STACK EXCHANGE LIMITED
NAME_614	STANDARD GLOBAL SOLUTIONS LTD|STANDAROAD GLOBAL SOLUTIONS LTD|STREETANDARD GLOBAL SOLUTIONS LTD|STANDARD GLOBAL SOLUTIONS LIMITED
NAME_615	STREETANFORD ELECTRICAL CONTRACTING LTD|STANFORD ELECTRICAL CONTRACTING LTD|STANFOROAD ELECTRICAL CONTRACTING LTD|STANFORD ELECTRICAL CONTRACTING LIMITED
NAME_616	STAR DOT HELP COMPUTER CONSULTING LIMITED|STAR DOT HELP COMPUTER CONSULTING LTD|STREETAR DOT HELP COMPUTER CONSULTING LIMITED
NAME_617	STARKWAY LTD.|STREETARKWAY LTD.|STARKWAY LIMITED.
NAME_618	STREETARTIDE LIMITED|STARTIDE LIMITED|STARTIDE LTD
NAME_619	STEHLE CONSULTING LIMITED|STREETEHLE CONSULTING LIMITED|STEHLE CONSULTING LTD
NAME_620	STREAM UK MEDIA SERVICES LTD|STREAM UK MEDIA SERVICES LIMITED|STREETREAM UK MEDIA SERVICES LIMITED
NAME_621	STREAMESS LIMITED|STREETREAMESS LIMITED|STREAMESS LTD
NAME_622	STREETREAMTRAIN LIMITED|STREAMTRAIN LTD|STREAMTRAIN LIMITED
NAME_623	STUDIOF CREATIVE LTD|STUDIOF CREATIVE LIMITED|STREETUDIOF CREATIVE LTD
NAME_624	SUCCESSFUL INTERNET LIMITED|SUCCESSFUL INTERNET LTD
NAME_625	SUN SYSTEMS IT SERVICES LTD|SUN SYSTREETEMS IT SERVICES LIMITED|SUN SYSTEMS IT SERVICES LIMITED
NAME_626	SUNNER CONSULTANCY LTD|SUNNER CONSULTANCY LIMITED
NAME_627	SUPREME SUCCESS STRATEGIES LTD|SUPREME SUCCESS STREETRATEGIES LTD|SUPREME SUCCESS STRATEGIES LIMITED
NAME_628	SURREY SYSTEMS PARTNERSHIP LIMITED|SURREY SYSTEMS PARTNERSHIP LTD|SURREY SYSTREETEMS PARTNERSHIP LTD
NAME_629	SVVISH LTD|SVVISH LIMITED
NAME_630	SWIFTEE TECHNOLOGY LTD|SWIFTEE TECHNOLOGY LIMITED
NAME_631	SYNAPSES IT LIMITED|SYNAPSES IT LTD
NAME_632	SYZYGY UK LIMITED|SYZYGY UK LTD
NAME_633	TAKEMEOUT LIMITED|TAKEMEOUT LTD
NAME_634	TAMETON SOLUTIONS LTD|TAMETON SOLUTIONS LIMITED
NAME_635	TAYSTME LTD|TAYSTME LIMITED|TAYSTREETME LTD
NAME_636	TEAM IT CONSULTING LTD|TEAM IT CONSULTING LIMITED
NAME_637	TEAMSPACE LTD.|TEAMSPACE LIMITED.
NAME_638	TECH TRAINERS LIMITED|TECH TRAINERS LTD
NAME_639	TECHPROWORLD LTD|TECHPROWORLD LIMITED
NAME_640	TELEFOTONIKA LIMITED|TELEFOTONIKA LTD
NAME_641	TESSA CAPITAL LTD|TESSA CAPITAL LIMITED
NAME_642	TESTING SOLUTIONS LIMITED|TESTREETING SOLUTIONS LIMITED|TESTING SOLUTIONS LTD
NAME_643	TESTREETING TRAINING SOLUTIONS LIMITED|TESTING TRAINING SOLUTIONS LIMITED|TESTING TRAINING SOLUTIONS LTD
NAME_644	THAMESTEC LIMITED|THAMESTREETEC LTD|THAMESTEC LTD
NAME_645	THE BULL STUDIO LIMITED|THE BULL STREETUDIO LTD|THE BULL STUDIO LTD
NAME_646	THE DATACENTRE ADVISORY GROUP LTD|THE DATACENTRE ADVISORY GROUP LIMITED
NAME_647	THE LIGHT IT SUPPORT LIMITED|THE LIGHT IT SUPPORT LTD
NAME_648	THE NEW BLACK CREATIVE STUDIO LIMITED|THE NEW BLACK CREATIVE STREETUDIO LIMITED|THE NEW BLACK CREATIVE STUDIO LTD
NAME_649	THE PROSPEROUS SHOP LTD|THE PROSPEROUS SHOP LIMITED
NAME_650	THEHEALTHFINDER HOLDINGS LTD|THEHEALTHFINDER HOLDINGS LIMITED
NAME_651	THEM DIGITAL ASSISTANCE LIMITED|THEM DIGITAL ASSISTANCE LTD|THEM DIGITAL ASSISTREETANCE LTD
NAME_652	THINGTHING LTD|THINGTHING LIMITED
NAME_653	THINK DIGITALLY SOFTWARE LIMITED|THINK DIGITALLY SOFTWARE LTD
NAME_654	THINKING CIRCLE LIMITED|THINKING CIRCLE LTD
NAME_655	THOMPSON FLETCHER ASSOCIATES LTD|THOMPSON FLETCHER ASSOCIATES LIMITED
NAME_656	THRIVE FINANCIAL LTD|THRIVE FINANCIAL LIMITED
NAME_657	TIBTEC LIMITED|TIBTEC LTD
NAME_658	TIKIT LTD|TIKIT LIMITED
NAME_659	TIMED LTD|TIMED LIMITED
NAME_660	TIMTOMINC LTD|TIMTOMINC LIMITED
NAME_661	TLDOMAINS LTD|TLDOMAINS LIMITED
NAME_662	TOBORSOFT LIMITED|TOBORSOFT LTD
NAME_663	TOTAL MEDIA MARKETING LTD|TOTAL MEDIA MARKETING LIMITED
NAME_664	TRACEMEDIA PROJECTS LTD|TRACEMEDIA PROJECTS LIMITED
NAME_665	TRADEWARE GLOBAL UK LIMITED|TRADEWARE GLOBAL UK LTD
NAME_666	TRADEXPERT LIMITED|TRADEXPERT LTD
NAME_667	TRAINLINE INTERNATIONAL LIMITED|TRAINLINE INTERNATIONAL LTD
NAME_668	TRAINLINE.COM LTD|TRAINLINE.COM LIMITED
NAME_669	TRANSCOMM UK LIMITED|TRANSCOMM UK LTD
NAME_670	TRAVIOOR LTD|TRAVIOOR LIMITED
NAME_671	TREAT A FRIEND LIMITED|TREAT A FRIEND LTD
NAME_672	TRIANA VENTURES LTD|TRIANA VENTURES LIMITED
NAME_673	TRIANGULATE IT LTD|TRIANGULATE IT LIMITED
NAME_674	TRIGENIS LIMITED|TRIGENIS LTD
NAME_675	TRONCAT LTD|TRONCAT LIMITED
NAME_676	TSM INTERNATIONAL LIMITED|TSM INTERNATIONAL LTD
NAME_677	TURQUOISE SOLUTIONS LIMITED|TURQUOISE SOLUTIONS LTD
NAME_678	U-2-ME LTD|U-2-ME LIMITED
NAME_679	U.K. BUSINESS FUNDING CENTRE LTD|U.K. BUSINESS FUNDING CENTRE LIMITED
NAME_680	UK PROPERTIES ONLINE LIMITED|UK PROPERTIES ONLINE LTD
NAME_681	UNBIASED LTD|UNBIASED LIMITED
NAME_682	UNGM LIMITED|UNGM LTD
NAME_683	UNICORN COMPUTER GRAPHICS LTD|UNICORN COMPUTER GRAPHICS LIMITED
NAME_684	UNIGLO FINANCIAL LTD|UNIGLO FINANCIAL LIMITED
NAME_685	UNIRISX LTD|UNIRISX LIMITED
NAME_686	UNITED PIXELS LTD|UNITED PIXELS LIMITED
NAME_687	UNIVERSAL BASKET LTD|UNIVERSAL BASKET LIMITED
NAME_688	UNIVERSAL RESEARCH &  CONSULTING LIMITED|UNIVERSAL RESEARCH &  CONSULTING LTD
NAME_689	UNPICK LIMITED|UNPICK LTD
NAME_690	UNYFY CONSULTING LTD|UNYFY CONSULTING LIMITED
NAME_691	URPASS.CO LIMITED|URPASS.CO LTD
NAME_692	UVIP LIMITED|UVIP LTD
NAME_693	UWP LIMITED|UWP LTD
NAME_694	V4TECH LIMITED|V4TECH LTD
NAME_695	VAMA SOLUTIONS LIMITED|VAMA SOLUTIONS LTD
NAME_696	VCE SOLUTIONS LIMITED|VCE SOLUTIONS LTD
NAME_697	VE INTERACTIVE LIMITED|VE INTERACTIVE LTD
NAME_698	VENDAVO UK LTD|VENDAVO UK LIMITED
NAME_699	VENEZZ LIMITED|VENEZZ LTD
NAME_700	VERDANT SKY LTD|VEROADANT SKY LIMITED|VERDANT SKY LIMITED
NAME_701	VERO SOLUTIONS LTD|VERO SOLUTIONS LIMITED
NAME_702	VIRCLOUD LIMITED|VIRCLOUD LTD
NAME_703	VIRTUALFILES LTD|VIRTUALFILES LIMITED
NAME_704	VISITED.ME LTD|VISITED.ME LIMITED
NAME_705	VIVACITY LABS LIMITED|VIVACITY LABS LTD
NAME_706	VIVE FINANCIAL SERVICES LIMITED|VIVE FINANCIAL SERVICES LTD
NAME_707	VIZAVIZ INTERNATIONAL LIMITED|VIZAVIZ INTERNATIONAL LTD
NAME_708	VNETIC LTD|VNETIC LIMITED
NAME_709	VORBOSS LIMITED|VORBOSS LTD
NAME_710	VZINTERNET LIMITED|VZINTERNET LTD
NAME_711	WAROAD MARKETING SOLUTIONS LIMITED|WARD MARKETING SOLUTIONS LIMITED|WARD MARKETING SOLUTIONS LTD
NAME_712	WARWICK COMPUTER REPAIRS LTD|WARWICK COMPUTER REPAIRS LIMITED
NAME_713	WAY2G LTD|WAY2G LIMITED
NAME_714	WE ARE EXPERIENCE LIMITED|WE ARE EXPERIENCE LTD
NAME_715	WE ARE FRIDAY LTD|WE ARE FRIDAY LIMITED
NAME_716	WE ARE LONDON LIMITED|WE ARE LONDON LTD|WE ARE CITY OF LONDON LIMITED
NAME_717	WE MAKE WEBSITES LTD|WE MAKE WEBSITES LIMITED
NAME_718	WEB ARCHITECTURE AND TECHNOLOGIES LIMITED|WEB ARCHITECTURE AND TECHNOLOGIES LTD
NAME_719	WEB KINGDOM LIMITED|WEB KINGDOM LTD
NAME_720	WEBCODE LTD|WEBCODE LIMITED
NAME_721	WHAT'S THE SCORE LTD|WHAT'S THE SCORE LIMITED
NAME_722	WHITE WATER METALS LTD|WHITE WATER METALS LIMITED
NAME_723	WHYM.GLOBAL LTD.|WHYM.GLOBAL LIMITED.
NAME_724	WIIPIX LTD|WIIPIX LIMITED
NAME_725	WILSON ROBOTICS LIMITED|WILSON ROBOTICS LTD
NAME_726	WINPHD LIMITED|WINPHD LTD
NAME_727	WITH ASSOCIATES DIGITAL LTD|WITH ASSOCIATES DIGITAL LIMITED
NAME_728	WORDOWN LTD|WORDOWN LIMITED|WOROADOWN LIMITED
NAME_729	WORTH DYNAMICS LTD|WORTH DYNAMICS LIMITED
NAME_730	X19 LTD|X19 LIMITED
NAME_731	XS NETWORKS LIMITED|XS NETWORKS LTD
NAME_732	Y1 SYSTEMS LTD|Y1 SYSTREETEMS LIMITED|Y1 SYSTEMS LIMITED
NAME_733	YAROAD NINE LIMITED|YARD NINE LTD|YARD NINE LIMITED
NAME_734	YESQL SOLUTIONS LIMITED|YESQL SOLUTIONS LTD
NAME_735	YOYO DATA LIMITED|YOYO DATA LTD
NAME_736	YULAIP TECHNOLOGIES LIMITED|YULAIP TECHNOLOGIES LTD
NAME_737	ZENZIUM LTD|ZENZIUM LIMITED
NAME_738	ZEROONEONEZERO LTD|ZEROONEONEZERO LIMITED
NAME_739	ZINTERNETGROUP LIMITED|ZINTERNETGROUP LTD
NAME_740	ZOARING LTD|ZOARING LIMITED
NAME_741	ZULIOS LIMITED|ZULIOS LTD
NAME_742	360 CLOUD NETWORKS LTD|360 CLOUD NETWORKS LIMITED
NAME_743	360 DIGI MARKETING LIMITED|360 DIGI MARKETING LTD
NAME_744	3G OUTSOURCE LTD|3G OUTSOURCE LIMITED
NAME_745	4T TECHNOLOGY LTD|4T TECHNOLOGY LIMITED
NAME_746	ACKNOWLEDGEMENT LIMITED|ACKNOWLEDGEMENT LTD
NAME_747	ACTIVISTIC (UK) LTD|ACTIVISTIC (UK) LIMITED|ACTIVISTREETIC (UK) LTD
NAME_748	AGITEK LIMITED|AGITEK LTD
NAME_749	AGORABYTES LTD|AGORABYTES LIMITED
NAME_750	AH BUSINESS SERVICES AND CONSULTANCY LTD|AH BUSINESS SERVICES AND CONSULTANCY LIMITED
NAME_751	AIR TUNNEL SOLUTIONS LIMITED|AIR TUNNEL SOLUTIONS LTD
NAME_752	ALLE-IT LTD|ALLE-IT LIMITED
NAME_753	ASKIA UK LTD|ASKIA UK LIMITED
NAME_754	ASMISOFT TECHNOLOGIES LIMITED|ASMISOFT TECHNOLOGIES LTD
NAME_755	ASTABIS IRM LTD|ASTREETABIS IRM LTD|ASTABIS IRM LIMITED
NAME_756	AUTONOWARE LIMITED|AUTONOWARE LTD
NAME_757	BCN INTEGRATED LIMITED.|BCN INTEGRATED LTD.
NAME_758	BEHIND PIXELS LIMITED|BEHIND PIXELS LTD
NAME_759	BRAVOSOLUTION UK LTD|BRAVOSOLUTION UK LIMITED
NAME_760	BROWN PAPER CONSULTING LIMITED|BROWN PAPER CONSULTING LTD
NAME_761	CAPACITAS LIMITED|CAPACITAS LTD
NAME_762	CERBERUS SECURITY LABORATORIES LTD|CERBERUS SECURITY LABORATORIES LIMITED
NAME_763	CIBANDO LIMITED|CIBANDO LTD
NAME_764	CINSPIRED DESIGNS LTD|CINSPIRED DESIGNS LIMITED
NAME_765	CITY TEST LIMITED|CITY TESTREET LIMITED|CITY TEST LTD
NAME_766	CLOUD DIGITAL RESEARCH LTD|CLOUD DIGITAL RESEARCH LIMITED
NAME_767	CLOUD ESTATE LTD|CLOUD ESTREETATE LIMITED|CLOUD ESTATE LIMITED
NAME_768	CLOUDBRIDGE LTD|CLOUDBRIDGE LIMITED
NAME_769	COASTREETAL UNION LTD|COASTAL UNION LIMITED|COASTAL UNION LTD
NAME_770	CODELOCKE SOLUTIONS PRIVATE LIMITED|CODELOCKE SOLUTIONS PRIVATE LTD
NAME_771	COMDEVELOPMENT LTD|COMDEVELOPMENT LIMITED
NAME_772	COREAZURE LTD|COREAZURE LIMITED
NAME_773	CREDO JPN LIMITED|CREDO JPN LTD
NAME_774	CROSSCOUNTRY AERO LTD|CROSSCOUNTRY AERO LIMITED
NAME_775	CRUX NETWORK LTD|CRUX NETWORK LIMITED
NAME_776	CUSTOM TECHNOLOGY LTD|CUSTREETOM TECHNOLOGY LIMITED|CUSTOM TECHNOLOGY LIMITED
NAME_777	DATAFACTUALS LTD|DATAFACTUALS LIMITED
NAME_778	DATAPOWA LTD|DATAPOWA LIMITED
NAME_779	DAVIES TECHNOLOGY CONSULTING LTD.|DAVIES TECHNOLOGY CONSULTING LIMITED.
NAME_780	DEEAZ LIMITED|DEEAZ LTD
NAME_781	DIGITLONDON LTD|DIGITLONDON LIMITED|DIGITCITY OF LONDON LIMITED
NAME_782	DILIGENCE CONSULTING LIMITED|DILIGENCE CONSULTING LTD
NAME_783	DILIGENCE PROFESSIONAL LTD|DILIGENCE PROFESSIONAL LIMITED
NAME_784	DS TECHNOLOGIES GROUP LTD.|DS TECHNOLOGIES GROUP LIMITED.
NAME_785	EASYCORE MEDIA LTD|EASYCORE MEDIA LIMITED
NAME_786	ECONWORKS LTD|ECONWORKS LIMITED
NAME_787	EDART LIMITED|EDART LTD
NAME_788	ELECSERVICE LTD|ELECSERVICE LIMITED
NAME_789	ENGAGEWITHIN LIMITED|ENGAGEWITHIN LTD
NAME_790	EUPING LIMITED|EUPING LTD
NAME_791	FASTREET NETWORK DESIGNS LTD|FAST NETWORK DESIGNS LIMITED|FAST NETWORK DESIGNS LTD
NAME_792	FASTPCS (UK) LIMITED|FASTREETPCS (UK) LTD|FASTPCS (UK) LTD
NAME_793	FIVESKY LTD|FIVESKY LIMITED
NAME_794	FLAMINGOS TECHNOLOGY SOLUTIONS UK PRIVATE LTD|FLAMINGOS TECHNOLOGY SOLUTIONS UK PRIVATE LIMITED
NAME_795	FURNISH.CO.UK LIMITED|FURNISH.CO.UK LTD
NAME_796	GARDENIA-IT LIMITED|GAROADENIA-IT LIMITED|GARDENIA-IT LTD
NAME_797	GARYT LTD|GARYT LIMITED
NAME_798	GATEKEEPER (G8) LIMITED|GATEKEEPER (G8) LTD
NAME_799	GET BUSINESS SERVICES LTD|GET BUSINESS SERVICES LIMITED
NAME_800	GROOVY GECKO LIMITED|GROOVY GECKO LTD
NAME_801	GS DUN LTD|GS DUN LIMITED
NAME_802	HALLWAY STUDIOS LIMITED|HALLWAY STUDIOS LTD|HALLWAY STREETUDIOS LIMITED
NAME_803	HARMAN CONNECTED SERVICES UK LIMITED|HARMAN CONNECTED SERVICES UK LTD
NAME_804	HCI GROUP UK LIMITED|HCI GROUP UK LTD
NAME_805	HIGH RELEVANCE LIMITED|HIGH RELEVANCE LTD
NAME_806	HSD TECHNOLOGIES LTD|HSD TECHNOLOGIES LIMITED
NAME_807	HUBA DIGITAL LTD|HUBA DIGITAL LIMITED
NAME_808	ICOMPLI LIMITED|ICOMPLI LTD
NAME_809	IKNOW SOLUTIONS UK LIMITED|IKNOW SOLUTIONS UK LTD
NAME_810	INDIGO SQUARED LIMITED|INDIGO SQUARED LTD
NAME_811	INDUSTREETRIAL WINCH LTD|INDUSTRIAL WINCH LTD|INDUSTRIAL WINCH LIMITED
NAME_812	INNOVIX LTD|INNOVIX LIMITED
NAME_813	INTELLIGENT SOLUTIONS TECHNOLOGIES LTD|INTELLIGENT SOLUTIONS TECHNOLOGIES LIMITED
NAME_814	INTERNET PROMOTION EUROPE LIMITED|INTERNET PROMOTION EUROPE LTD
NAME_815	INZU LTD|INZU LIMITED
NAME_816	JAZZ SOFTWARE LTD|JAZZ SOFTWARE LIMITED
NAME_817	K1 LIMANOWKA LIMITED|K1 LIMANOWKA LTD
NAME_818	L.E.D. PRODUCTIONS LIMITED|L.E.D. PRODUCTIONS LTD
NAME_819	LEARNING CONNEXIONS (UK) LIMITED.|LEARNING CONNEXIONS (UK) LTD.
NAME_820	LIFFEY LABS LTD|LIFFEY LABS LIMITED
NAME_821	LONDON DIGITALBEAMS LTD|LONDON DIGITALBEAMS LIMITED|CITY OF LONDON DIGITALBEAMS LIMITED
NAME_822	LTB DIGITAL LIMITED|LTB DIGITAL LTD
NAME_823	MACROLINK SOLUTIONS LTD|MACROLINK SOLUTIONS LIMITED
NAME_824	MAGENCO LTD|MAGENCO LIMITED
NAME_825	MAIDENHEAD BRIDGE LIMITED|MAIDENHEAD BRIDGE LTD
NAME_826	MARIUS DALEY LIMITED.|MARIUS DALEY LTD.
NAME_827	MARKET APPEAL LTD|MARKET APPEAL LIMITED
NAME_828	MAXHILL CONSULTING LTD|MAXHILL CONSULTING LIMITED
NAME_829	MBTA LIMITED|MBTA LTD
NAME_830	METALUXO IT SECURITY LIMITED|METALUXO IT SECURITY LTD
NAME_831	METHODS DIGITAL LTD|METHODS DIGITAL LIMITED
NAME_832	METHODS ENTERPRISE LTD|METHODS ENTERPRISE LIMITED
NAME_833	MICRO PHOENIX
NAME_834	MIDDLE EAST CAREER LIMITED|MIDDLE EAST CAREER LTD|MIDDLE EASTREET CAREER LTD
NAME_835	MITHRA MEDIA LIMITED|MITHRA MEDIA LTD
NAME_836	MIU NETWORK LTD|MIU NETWORK LIMITED
NAME_837	MULTIPLOGIC LIMITED|MULTIPLOGIC LTD
NAME_838	MUNDUS LTD|MUNDUS LIMITED
NAME_839	MYMALL LIMITED|MYMALL LTD
NAME_840	NCODER MEDIA SERVICES LIMITED|NCODER MEDIA SERVICES LTD
NAME_841	NELLESYS LIMITED|NELLESYS LTD
NAME_842	NEOPRAXIS LIMITED|NEOPRAXIS LTD
NAME_843	NETSTREETAR UK LTD|NETSTAR UK LIMITED|NETSTAR UK LTD
NAME_844	NEWCOINCLUB LTD|NEWCOINCLUB LIMITED
NAME_845	NIO INNOVATION LIMITED|NIO INNOVATION LTD
NAME_846	NU INNOVATION LTD|NU INNOVATION LIMITED
NAME_847	OBAFORTE LTD|OBAFORTE LIMITED
NAME_848	ONLINUM LTD|ONLINUM LIMITED
NAME_849	ORHAN IT SERVICES LTD.|ORHAN IT SERVICES LIMITED.
NAME_850	ORLON SOLUTIONS LIMITED|ORLON SOLUTIONS LTD
NAME_851	PETCONNECT TECHNOLOGIES LIMITED|PETCONNECT TECHNOLOGIES LTD
NAME_852	POLMODE LIMITED|POLMODE LTD
NAME_853	PUZZLESTREETONE LIMITED|PUZZLESTONE LTD|PUZZLESTONE LIMITED
NAME_854	RAZOR AGENCY LIMITED|RAZOR AGENCY LTD
NAME_855	REAPIT LIMITED|REAPIT LTD
NAME_856	RECOGNITION ARTIST MANAGEMENT LIMITED|RECOGNITION ARTISTREET MANAGEMENT LIMITED|RECOGNITION ARTIST MANAGEMENT LTD
NAME_857	RELOCATION LIMITED|RELOCATION LTD
NAME_858	RIGHTS TRACKER LTD|RIGHTS TRACKER LIMITED
NAME_859	SCASASCIA LTD|SCASASCIA LIMITED
NAME_860	SEARCH ENGINEERS LTD|SEARCH ENGINEERS LIMITED
NAME_861	SEIDOR UK LTD|SEIDOR UK LIMITED
NAME_862	SELECT CONSULTING PARTNERS LIMITED|SELECT CONSULTING PARTNERS LTD
NAME_863	SERVERMASTER LTD|SERVERMASTER LIMITED|SERVERMASTREETER LTD
NAME_864	SMALL WORLD SOLUTIONS LIMITED|SMALL WORLD SOLUTIONS LTD
NAME_865	SMART TRANSFER LTD|SMART TRANSFER LIMITED
NAME_866	SOLYARIS LIMITED|SOLYARIS LTD
NAME_867	SPORTMATE INT. LIMITED|SPORTMATE INT. LTD
NAME_868	STONEWALL IT SOLUTIONS LIMITED|STREETONEWALL IT SOLUTIONS LTD|STONEWALL IT SOLUTIONS LTD
NAME_869	SUPERMICRO LTD|SUPERMICRO LIMITED
NAME_870	THE GDPR GROUP LTD|THE GDPR GROUP LIMITED
NAME_871	TIEFNETZ LTD|TIEFNETZ LIMITED
NAME_872	TIER 1 PUBLISHING LTD|TIER 1 PUBLISHING LIMITED
NAME_873	TRANK TECHIES PRIVATE LTD|TRANK TECHIES PRIVATE LIMITED
NAME_874	TRANSGLOBE TRADING CORPORATION LTD|TRANSGLOBE TRADING CORPORATION LIMITED
NAME_875	TROENDLE LIMITED|TROENDLE LTD
NAME_876	TURTL SURF &  IMMERSE LTD|TURTL SURF &  IMMERSE LIMITED
NAME_877	ULTRARAPID LOCAL DELIVERY LTD|ULTRARAPID LOCAL DELIVERY LIMITED
NAME_878	UNTESTED LTD|UNTESTED LIMITED|UNTESTREETED LIMITED
NAME_879	UPSHOT LIMITED|UPSHOT LTD
NAME_880	URBAN INTELLIGENCE LIMITED|URBAN INTELLIGENCE LTD
NAME_881	US COMPUTERS (UK) LIMITED|US COMPUTERS (UK) LTD
NAME_882	VELOCITI EUROPE LTD|VELOCITI EUROPE LIMITED
NAME_883	VOIPEX LTD|VOIPEX LIMITED
NAME_884	VUNGLE LIMITED|VUNGLE LTD
NAME_885	WALLEPT LIMITED|WALLEPT LTD
NAME_886	WEBADELICA LIMITED|WEBADELICA LTD
NAME_887	WEBJETS LTD|WEBJETS LIMITED
NAME_888	WHITE LIGHT TECHNOLOGY LIMITED|WHITE LIGHT TECHNOLOGY LTD
NAME_889	WIPSTY LTD|WIPSTREETY LTD|WIPSTY LIMITED
NAME_890	WIRED CANVAS LTD|WIRED CANVAS LIMITED
NAME_891	WISENS LTD|WISENS LIMITED
NAME_892	WORIFY MEDIA LIMITED|WORIFY MEDIA LTD
NAME_893	XANTURA LIMITED|XANTURA LTD
NAME_894	ZOEPROPERTY LIMITED|ZOEPROPERTY LTD
NAME_895	ADEVANCE LTD|ADEVANCE LIMITED
NAME_896	AGILE KONSULT LIMITED|AGILE KONSULT LTD
NAME_897	ALLIED WAROADEN MARKETING LIMITED|ALLIED WARDEN MARKETING LIMITED|ALLIED WARDEN MARKETING LTD
NAME_898	ANI ALEXANDER LIMITED|ANI ALEXANDER LTD
NAME_899	ANTLERE LTD|ANTLERE LIMITED
NAME_900	ANYTIME AROUND LIMITED|ANYTIME AROUND LTD
NAME_901	AUREOLIN CORPORATION LTD|AUREOLIN CORPORATION LIMITED
NAME_902	AXTEK LIMITED|AXTEK LTD
NAME_903	BIG DATA PARTNERSHIP LIMITED|BIG DATA PARTNERSHIP LTD
NAME_904	BIMOPS LIMITED|BIMOPS LTD
NAME_905	BLUE-CANOE LTD|BLUE-CANOE LIMITED
NAME_906	CHAINSIDE LTD|CHAINSIDE LIMITED
NAME_907	CHINA GREAT FIRE WALL NETWORK LTD|CHINA GREAT FIRE WALL NETWORK LIMITED
NAME_908	CHOICE WHEEL LTD|CHOICE WHEEL LIMITED
NAME_909	CYBER-GUARD ENTERPRISE LTD|CYBER-GUAROAD ENTERPRISE LTD|CYBER-GUARD ENTERPRISE LIMITED
NAME_910	DEV4BB LTD|DEV4BB LIMITED
NAME_911	DIGITAL TACTICS INFRASTREETRUCTURE LTD|DIGITAL TACTICS INFRASTRUCTURE LTD|DIGITAL TACTICS INFRASTRUCTURE LIMITED
NAME_912	DOMAIN CORP LTD|DOMAIN CORP LIMITED
NAME_913	DTS SOLUTION - CYBER SECURITY LTD|DTS SOLUTION - CYBER SECURITY LIMITED
NAME_914	DUFTAR LIMITED|DUFTAR LTD
NAME_915	EPIPHYTE (UK) LTD|EPIPHYTE (UK) LIMITED
NAME_916	ETHICA INTERNET LIMITED|ETHICA INTERNET LTD
NAME_917	EUSTON CONSULTANCY SERVICES LIMITED|EUSTREETON CONSULTANCY SERVICES LTD|EUSTON CONSULTANCY SERVICES LTD
NAME_918	F2 CONSULTANTS LTD|F2 CONSULTANTS LIMITED
NAME_919	G1ANT LTD|G1ANT LIMITED
NAME_920	GLOBAL BIZZ SERVICES LTD|GLOBAL BIZZ SERVICES LIMITED
NAME_921	HIERARCHY CONSULTING LIMITED|HIERARCHY CONSULTING LTD
NAME_922	HUBJET LTD|HUBJET LIMITED
NAME_923	IKERTON LTD|IKERTON LIMITED
NAME_924	INDUS GLOBAL CORP LTD|INDUS GLOBAL CORP LIMITED
NAME_925	INNOVATIVE INTERFACES INTERNATIONAL LTD|INNOVATIVE INTERFACES INTERNATIONAL LIMITED
NAME_926	INNOVATIVE INTERFACES LIMITED|INNOVATIVE INTERFACES LTD
NAME_927	INSTASMART SOFTWARE SOLUTIONS LIMITED|INSTASMART SOFTWARE SOLUTIONS LTD|INSTREETASMART SOFTWARE SOLUTIONS LIMITED
NAME_928	ITCSS (IT CONSULTING SUPPORT &  STREETRATEGIES) LTD|ITCSS (IT CONSULTING SUPPORT &  STRATEGIES) LIMITED|ITCSS (IT CONSULTING SUPPORT &  STRATEGIES) LTD
NAME_929	JAYS SYSTEMS LIMITED|JAYS SYSTEMS LTD|JAYS SYSTREETEMS LTD
NAME_930	JMLNET LIMITED|JMLNET LTD
NAME_931	JOUPLE LTD|JOUPLE LIMITED
NAME_932	LOST PIXELS LTD|LOST PIXELS LIMITED|LOSTREET PIXELS LIMITED
NAME_933	MAKE IT PROFESSIONAL LIMITED|MAKE IT PROFESSIONAL LTD
NAME_934	MATSON DIGITAL LIMITED|MATSON DIGITAL LTD
NAME_935	MAXOFT LIMITED|MAXOFT LTD
NAME_936	MINDVIEW CONSULTING LTD|MINDVIEW CONSULTING LIMITED
NAME_937	MORGAN BROOKS SERVICES LTD|MORGAN BROOKS SERVICES LIMITED
NAME_938	MTG ENTERPRISE LIMITED|MTG ENTERPRISE LTD
NAME_939	NEW CRANE LIMITED|NEW CRANE LTD
NAME_940	OCTAVIAN TECHNOLOGY LIMITED|OCTAVIAN TECHNOLOGY LTD
NAME_941	PERSEA TECHNOLOGIES LTD|PERSEA TECHNOLOGIES LIMITED
NAME_942	QUALITY GOODS &  SERVICES LTD|QUALITY GOODS &  SERVICES LIMITED
NAME_943	REDMAIN SOLUTIONS LTD|REDMAIN SOLUTIONS LIMITED
NAME_944	REDSHIFT TECHNOLOGIES LTD|REDSHIFT TECHNOLOGIES LIMITED
NAME_945	REDSTONE CONVERGED SOLUTIONS LTD|REDSTONE CONVERGED SOLUTIONS LIMITED|REDSTREETONE CONVERGED SOLUTIONS LIMITED
NAME_946	SAFEGUARD IT LIMITED|SAFEGUARD IT LTD|SAFEGUAROAD IT LIMITED
NAME_947	SHOOT ME LIMITED|SHOOT ME LTD
NAME_948	SIGNATURE NETWORK SOLUTIONS LIMITED|SIGNATURE NETWORK SOLUTIONS LTD
NAME_949	SIMPLEWORKS INT. LTD|SIMPLEWORKS INT. LIMITED
NAME_950	SMARTMED GLOBAL LTD|SMARTMED GLOBAL LIMITED
NAME_951	SOFTIMPEX LTD.|SOFTIMPEX LIMITED.
NAME_952	SONERA CORPORATIVE LIMITED.|SONERA CORPORATIVE LTD.
NAME_953	SPARTALINK LTD|SPARTALINK LIMITED
NAME_954	SPECIALISTREET COMPUTER SOFTWARE LIMITED|SPECIALIST COMPUTER SOFTWARE LIMITED|SPECIALIST COMPUTER SOFTWARE LTD
NAME_955	SS&C SOLUTIONS LIMITED|SS&C SOLUTIONS LTD
NAME_956	SYNATEL LTD|SYNATEL LIMITED
NAME_957	TECHXCHANGE CONSULTING LTD|TECHXCHANGE CONSULTING LIMITED
NAME_958	TEKMONKS LIMITED|TEKMONKS LTD
NAME_959	TOTAL SYSTEMS PLC|TOTAL SYSTREETEMS PLC
NAME_960	TRADERSERVE LIMITED|TRADERSERVE LTD
NAME_961	UNIGRAND TECHNOLOGY LTD|UNIGRAND TECHNOLOGY LIMITED
NAME_962	UTD. BY CONTENT UK LTD|UTD. BY CONTENT UK LIMITED
NAME_963	VELO PRODUCTION LTD|VELO PRODUCTION LIMITED
NAME_964	VENTURE SYSTEMS LIMITED|VENTURE SYSTEMS LTD|VENTURE SYSTREETEMS LIMITED
NAME_965	VIVID BLOCK LIMITED|VIVID BLOCK LTD
NAME_966	VYCRON DESIGN LTD|VYCRON DESIGN LIMITED
NAME_967	YOUNG ROBOT LTD|YOUNG ROBOT LIMITED
NAME_968	'RIMS ENTERPRISE SOLUTIONS LIMITED|'RIMS ENTERPRISE SOLUTIONS LTD
NAME_969	*+ LTD|*+ LIMITED
NAME_970	01 TELECOM LTD|01 TELECOM LIMITED
NAME_971	01SOLUTION LIMITED|01SOLUTION LTD
NAME_972	08845746 LIMITED|08845746 LTD
NAME_973	0902 LIMITED|0902 LTD
NAME_974	0PT1MATES LTD.|0PT1MATES LIMITED.
NAME_975	0TENTIC8 LTD|0TENTIC8 LIMITED
NAME_976	1 B C LIMITED|1 B C LTD
NAME_977	1 CHOICE INTERNET LIMITED|1 CHOICE INTERNET LTD
NAME_978	1 MEDIA LIMITED|1 MEDIA LTD
NAME_979	1 MINUS 1 LIMITED|1 MINUS 1 LTD
NAME_980	1 ONION LIMITED|1 ONION LTD
NAME_981	1 STOP WEB LIMITED|1 STREETOP WEB LIMITED|1 STOP WEB LTD
NAME_982	1&1 INTERNET LIMITED|1&1 INTERNET LTD
NAME_983	10 CREATIVE LIMITED|10 CREATIVE LTD
NAME_984	10 DIGITAL LADIES LIMITED|10 DIGITAL LADIES LTD
NAME_985	10 SQUARE LIMITED|10 SQUARE LTD
NAME_986	10000 VOLT TECHNOLOGIES LTD|10000 VOLT TECHNOLOGIES LIMITED
NAME_987	10001 LTD|10001 LIMITED
NAME_988	1001 VM LTD|1001 VM LIMITED
NAME_989	100STREETARLINGS LIMITED|100STARLINGS LTD|100STARLINGS LIMITED
NAME_990	100X TECH LTD|100X TECH LIMITED
NAME_991	101 CAD LTD|101 CAD LIMITED
NAME_992	101 IT LIMITED|101 IT LTD
NAME_993	101 NET SOLUTIONS LIMITED|101 NET SOLUTIONS LTD
NAME_994	101 SOLUTIONS LTD|101 SOLUTIONS LIMITED
NAME_995	101 SYSTREETEM WORKS LTD|101 SYSTEM WORKS LTD|101 SYSTEM WORKS LIMITED
NAME_996	101 WEB LIMITED|101 WEB LTD
NAME_997	101DOMAIN LTD|101DOMAIN LIMITED
NAME_998	101SMART LIMITED|101SMART LTD
NAME_999	1045 DESIGN STUDIOS LIMITED|1045 DESIGN STREETUDIOS LTD|1045 DESIGN STUDIOS LTD
NAME_1000	10DUKE SOFTWARE LIMITED.|10DUKE SOFTWARE LTD.
