ADDR_1	30 CITY ROAD|30 CITY RD
ADDR_2	57 CHARTERHOUSE STREETREET|57 CHARTERHOUSE STREET|57 CHARTERHOUSE ST
ADDR_3	16 BOWLING GREEN LANE|16 BOWLING GREEN LN
ADDR_4	200 200 ALDERSGATE ALDERSGATE STREET|200 200 ALDERSGATE ALDERSGATE STREETREET|200 200 ALDERSGATE ALDERSGATE ST
ADDR_5	200 ALDERSGATE ALDERSGATE ST|200 ALDERSGATE ALDERSGATE STREET|200 ALDERSGATE ALDERSGATE STREETREET
ADDR_6	145-157 STREET JOHN STREETREET|145-157 ST JOHN STREET|145-157 ST JOHN ST
ADDR_7	30 CITY ROAD|30 CITY RD
ADDR_8	152 KEMP HOUSE CITY ROAD|152 KEMP HOUSE CITY RD
ADDR_9	4 SNOW HILL
ADDR_10	355 GOSWELL ROAD|355 GOSWELL RD
ADDR_11	"AKIN PALMER LLP 3, ANGEL GATE 326 CITY RD"|"AKIN PALMER LLP 3, ANGEL GATE 326 CITY ROAD"
ADDR_12	KEMP HOUSE 152-160 CITY RD|KEMP HOUSE 152-160 CITY ROAD
ADDR_13	LONGBOW HOUSE CHISWELL ST|LONGBOW HOUSE CHISWELL STREET|LONGBOW HOUSE CHISWELL STREETREET
ADDR_14	2ND FLOOR 145-157 ST. JOHN STREET|2ND FLOOR 145-157 STREET. JOHN STREETREET|2ND FLOOR 145-157 ST. JOHN ST
ADDR_15	UNIT 36 88-90 HATTON GAROADEN|UNIT 36 88-90 HATTON GARDEN
ADDR_16	INTL HOUSE 24 HOLBORN VIADUCT|INTERNATIONAL HOUSE 24 HOLBORN VIADUCT
ADDR_17	"7TH FLOOR, 16 STREET. MARTIN'S LE GRAND"|"7TH FLOOR, 16 ST. MARTIN'S LE GRAND"
ADDR_18	THIRD FLOOR 111 CHARTERHOUSE STREET|THIROAD FLOOR 111 CHARTERHOUSE STREET|THIRD FLOOR 111 CHARTERHOUSE STREETREET|THIRD FLOOR 111 CHARTERHOUSE ST
ADDR_19	C/O CAYOS CONSULTING SERVICES 40 BOWLING GREEN LANE|C/O CAYOS CONSULTING SERVICES 40 BOWLING GREEN LN
ADDR_20	145-157 STREET JOHN STREETREET|145-157 ST JOHN STREET|145-157 ST JOHN ST
ADDR_21	KEMP HOUSE 152 CITY ROAD|KEMP HOUSE 152 CITY RD
ADDR_22	INTL HOUSE 24 HOLBORN VIADUCT|INTERNATIONAL HOUSE 24 HOLBORN VIADUCT
ADDR_23	CTYARD SUITE 100 HATTON GARDEN|COURTYARD SUITE 100 HATTON GARDEN|COURTYAROAD SUITE 100 HATTON GAROADEN
ADDR_24	20 FARRINGDON RD|20 FARRINGDON ROAD
ADDR_25	6-8 SYCAMORE STREETREET|6-8 SYCAMORE ST|6-8 SYCAMORE STREET
ADDR_26	145-157 STREET JOHN STREETREET|145-157 ST JOHN STREET|145-157 ST JOHN ST
ADDR_27	GATE HOUSE 1 STREET JOHN'S SQUARE|GATE HOUSE 1 ST JOHN'S SQ|GATE HOUSE 1 ST JOHN'S SQUARE
ADDR_28	1 HARDWICK STREET HARDWICK STREET|1 HARDWICK STREETREET HARDWICK STREETREET|1 HAROADWICK STREET HAROADWICK STREET|1 HARDWICK ST HARDWICK ST
ADDR_29	KEMP HOUSE 160 CITY RD|KEMP HOUSE 160 CITY ROAD
ADDR_30	140-142 ST. JOHN STREET|140-142 STREET. JOHN STREETREET|140-142 ST. JOHN ST
ADDR_31	24 INTERNATIONAL HOUSE HOLBORN VIADUCT|24 INTL HOUSE HOLBORN VIADUCT
ADDR_32	152 KEMP HOUSE CITY ROAD|152 KEMP HOUSE CITY RD
ADDR_33	KEMP HOUSE 160 CITY RD|KEMP HOUSE 160 CITY ROAD
ADDR_34	LONGBOW HOUSE CHISWELL ST|LONGBOW HOUSE CHISWELL STREET|LONGBOW HOUSE CHISWELL STREETREET
ADDR_35	UNIT/OFFICE 36 88-90 HATTON GARDEN|UNIT/OFFICE 36 88-90 HATTON GAROADEN
ADDR_36	KEMP HOUSE 160 CITY RD|KEMP HOUSE 160 CITY ROAD
ADDR_37	INTL HOUSE 24 HOLBORN VIADUCT CITY OF LONDON|INTERNATIONAL HOUSE 24 HOLBORN VIADUCT CITY OF LONDON
ADDR_38	145-157 STREET JOHN STREETREET|145-157 ST JOHN STREET|145-157 ST JOHN ST
ADDR_39	KEMP HOUSE 152 CITY ROAD|KEMP HOUSE 152 CITY RD
ADDR_40	152 CITY ROAD|152 CITY RD
ADDR_41	DEVONSHIRE HOUSE 60 GOSWELL ROAD|DEVONSHIRE HOUSE 60 GOSWELL RD
ADDR_42	145-157 STREET JOHN STREETREET|145-157 ST JOHN STREET|145-157 ST JOHN ST
ADDR_43	LANDON SEAMER 335 CITY ROAD|LANDON SEAMER 335 CITY RD
ADDR_44	1 CHARTERHOUSE MEWS
ADDR_45	2ND FLOOR WHITE BEAR YARD CLERKENWELL ROAD|2ND FLOOR WHITE BEAR YARD CLERKENWELL RD|2ND FLOOR WHITE BEAR YAROAD CLERKENWELL ROAD
ADDR_46	"KEMP HOUSE,152 CITY RD"|"KEMP HOUSE,152 CITY ROAD"
ADDR_47	123 ALDERSGATE ST|123 ALDERSGATE STREET|123 ALDERSGATE STREETREET
ADDR_48	KEMP HOUSE 152 CITY ROAD|KEMP HOUSE 152 CITY RD
ADDR_49	KEMP HOUSE 160 CITY RD|KEMP HOUSE 160 CITY ROAD
ADDR_50	KEMP HOUSE 152 CITY ROAD|KEMP HOUSE 152 CITY RD
ADDR_51	SUITE A 6 HONDURAS STREET|SUITE A 6 HONDURAS ST|SUITE A 6 HONDURAS STREETREET
ADDR_52	KEMP HOUSE 152 CITY ROAD|KEMP HOUSE 152 CITY RD
ADDR_53	GROUND FLOOR 1 BAKER'S ROW
ADDR_54	24 HOLBORN VIADUCT
ADDR_55	152 KEMP HOUSE CITY ROAD|152 KEMP HOUSE CITY RD
ADDR_56	24 INTERNATIONAL HOUSE HOLBORN VIADUCT|24 INTL HOUSE HOLBORN VIADUCT
ADDR_57	KEMP HOUSE 160 CITY RD|KEMP HOUSE 160 CITY ROAD
ADDR_58	ARTANEON LTD UNIT 36 88-90 HATTON GARDEN|ARTANEON LTD UNIT 36 88-90 HATTON GAROADEN|ARTANEON LIMITED UNIT 36 88-90 HATTON GARDEN
ADDR_59	THE DRILL HALL 57A FARRINGDON RD|THE DRILL HALL 57A FARRINGDON ROAD
ADDR_60	DEVONSHIRE HOUSE 60 GOSWELL ROAD|DEVONSHIRE HOUSE 60 GOSWELL RD
ADDR_61	17-18 AYLESBURY ST|17-18 AYLESBURY STREETREET|17-18 AYLESBURY STREET
ADDR_62	INTL HOUSE HOLBORN VIADUCT|INTERNATIONAL HOUSE HOLBORN VIADUCT
ADDR_63	INTL HOUSE HOLBORN VIADUCT|INTERNATIONAL HOUSE HOLBORN VIADUCT
ADDR_64	OFFICE 36 88-90 HATTON GAROADEN|OFFICE 36 88-90 HATTON GARDEN
ADDR_65	KEMP HOUSE 152-160 CITY RD|KEMP HOUSE 152-160 CITY ROAD
ADDR_66	WESTBURY 2ND FLOOR 145-157 ST JOHN ST|WESTBURY 2ND FLOOR 145-157 ST JOHN STREET|WESTREETBURY 2ND FLOOR 145-157 STREET JOHN STREETREET
ADDR_67	KEMP HOUSE 152 CITY ROAD|KEMP HOUSE 152 CITY RD
ADDR_68	SUITE A 6 HONDURAS STREET|SUITE A 6 HONDURAS ST|SUITE A 6 HONDURAS STREETREET
ADDR_69	SUITE 1A 1 LINDSEY ST|SUITE 1A 1 LINDSEY STREETREET|SUITE 1A 1 LINDSEY STREET
ADDR_70	145-157 STREET JOHN STREETREET|145-157 ST JOHN STREET|145-157 ST JOHN ST
ADDR_71	KEMP HOUSE 152-160 CITY RD|KEMP HOUSE 152-160 CITY ROAD
ADDR_72	KEMP HOUSE 160 CITY RD|KEMP HOUSE 160 CITY ROAD
ADDR_73	LONGBOW HOUSE CHISWELL ST|LONGBOW HOUSE CHISWELL STREET|LONGBOW HOUSE CHISWELL STREETREET
ADDR_74	130 OLD STREETREET|130 OLD STREET|130 OLD ST
ADDR_75	1 CHARTERHOUSE MEWS
ADDR_76	15 BOWLING GREEN LN|15 BOWLING GREEN LANE
ADDR_77	KEMP HOUSE 152 CITY ROAD|KEMP HOUSE 152 CITY RD
ADDR_78	SUITE 34 67-68 HATTON GARDEN|SUITE 34 67-68 HATTON GAROADEN
ADDR_79	URBAN INNOVATION CENTRE 1 SEKFORDE STREET|URBAN INNOVATION CENTRE 1 SEKFOROADE STREET|URBAN INNOVATION CENTRE 1 SEKFORDE ST|URBAN INNOVATION CENTRE 1 SEKFORDE STREETREET
ADDR_80	KEMP HOUSE 160 CITY RD|KEMP HOUSE 160 CITY ROAD
ADDR_81	24 GREVILLE ST|24 GREVILLE STREETREET|24 GREVILLE STREET
ADDR_82	152 CITY ROAD|152 CITY RD
ADDR_83	KEMP HOUSE 160 CITY RD|KEMP HOUSE 160 CITY ROAD
ADDR_84	108 WORCESTER POINT CENTRAL STREET|108 WORCESTREETER POINT CENTRAL STREETREET|108 WORCESTER POINT CENTRAL ST
ADDR_85	15 BOWLING GREEN LN|15 BOWLING GREEN LANE
ADDR_86	GROUND FLOOR 1 BAKER'S ROW
ADDR_87	CENTRAL HOUSE 142 CENTRAL STREET|CENTRAL HOUSE 142 CENTRAL ST|CENTRAL HOUSE 142 CENTRAL STREETREET
ADDR_88	88-90 HATTON GAROADEN|88-90 HATTON GARDEN
ADDR_89	28 ELY PL 3RD FLOOR|28 ELY PLACE 3RD FLOOR|28 ELY PLACE 3ROAD FLOOR
ADDR_90	KEMP HOUSE CITY RD|KEMP HOUSE CITY ROAD
ADDR_91	SUITE 36 88-90  HATTON GARDEN HOLBORN|SUITE 36 88-90  HATTON GAROADEN HOLBORN
ADDR_92	SUITE 48 88-90 HATTON GARDEN|SUITE 48 88-90 HATTON GAROADEN
ADDR_93	145-157 ST. JOHN ST|145-157 STREET. JOHN STREETREET|145-157 ST. JOHN STREET
ADDR_94	"INTL HOUSE, 24 HOLBORN VIADUCT CITY OF LONDON"|"INTERNATIONAL HOUSE, 24 HOLBORN VIADUCT CITY OF LONDON"
ADDR_95	GRESHAM HOUSE 24 HOLBORN VIADUCT
ADDR_96	63-66 (2ND FLOOR) HATTON GARDEN|63-66 (2ND FLOOR) HATTON GAROADEN
ADDR_97	200 ALDERSGATE
ADDR_98	145-157 ST. JOHN ST|145-157 STREET. JOHN STREETREET|145-157 ST. JOHN STREET
ADDR_99	145-157 STREET JOHN STREETREET|145-157 ST JOHN STREET|145-157 ST JOHN ST
ADDR_100	22-24 ELY PL|22-24 ELY PLACE
ADDR_101	DEVONSHIRE HOUSE 60 GOSWELL ROAD|DEVONSHIRE HOUSE 60 GOSWELL RD
ADDR_102	2 ANGEL SQUARE 2 ANGEL SQUARE|2 ANGEL SQ 2 ANGEL SQ
ADDR_103	KEMP HOUSE 160 CITY RD|KEMP HOUSE 160 CITY ROAD
ADDR_104	81 NEWGATE STREET|81 NEWGATE ST|81 NEWGATE STREETREET
ADDR_105	81 NEWGATE STREET|81 NEWGATE ST|81 NEWGATE STREETREET
ADDR_106	ROOM 2 FINSBURY BUSINESS CENTRE 40 BOWLING GREEN LANE|ROOM 2 FINSBURY BUSINESS CENTRE 40 BOWLING GREEN LN
ADDR_107	130 OLD STREETREET|130 OLD STREET|130 OLD ST
ADDR_108	45 LEATHER LANE|45 LEATHER LN
ADDR_109	KEMP HOUSE 152 CITY ROAD|KEMP HOUSE 152 CITY RD
ADDR_110	KEMP HOUSE 152 CITY ROAD|KEMP HOUSE 152 CITY RD
ADDR_111	UNIT 1.02 27/31 CLERKENWELL CLOSE
ADDR_112	KEMP HOUSE 152 CITY ROAD|KEMP HOUSE 152 CITY RD
ADDR_113	101 CLERKENWELL RD|101 CLERKENWELL ROAD
ADDR_114	BM ADVISORY 82 ST JOHN ST|BM ADVISORY 82 ST JOHN STREET|BM ADVISORY 82 STREET JOHN STREETREET
ADDR_115	SUITE 36 88-90 HATTON GAROADEN|SUITE 36 88-90 HATTON GARDEN
ADDR_116	145-157 STREET JOHN STREETREET|145-157 ST JOHN STREET|145-157 ST JOHN ST
ADDR_117	80-83 LONG LANE|80-83 LONG LN
ADDR_118	145-157 ST. JOHN ST|145-157 STREET. JOHN STREETREET|145-157 ST. JOHN STREET
ADDR_119	145-157 STREET JOHN STREETREET|145-157 ST JOHN STREET|145-157 ST JOHN ST
ADDR_120	82 ST JOHN ST|82 ST JOHN STREET|82 STREET JOHN STREETREET
ADDR_121	2ND FLOOR 145-157 STREET JOHN STREETREET|2ND FLOOR 145-157 ST JOHN ST|2ND FLOOR 145-157 ST JOHN STREET
ADDR_122	1-3 DUFFERIN ST|1-3 DUFFERIN STREET|1-3 DUFFERIN STREETREET
ADDR_123	5 ST. JOHN'S LANE|5 STREET. JOHN'S LANE|5 ST. JOHN'S LN
ADDR_124	"INTERNATIONAL HOUSE 24 HOLBORN VIADUCT, CITY OF LONDON"|"INTL HOUSE 24 HOLBORN VIADUCT, CITY OF LONDON"
ADDR_125	INTL HOUSE 24 HOLBORN VIADUCT|INTERNATIONAL HOUSE 24 HOLBORN VIADUCT
ADDR_126	15 BOWLING GREEN LN|15 BOWLING GREEN LANE
ADDR_127	150 ALDERSGATE STREET|150 ALDERSGATE ST|150 ALDERSGATE STREETREET
ADDR_128	150 ALDERSGATE STREET|150 ALDERSGATE ST|150 ALDERSGATE STREETREET
ADDR_129	THE CHEMISTREETRY LAB 57 KINGSWAY PLACE SANS WALK|THE CHEMISTRY LAB 57 KINGSWAY PLACE SANS WALK|THE CHEMISTRY LAB 57 KINGSWAY PL SANS WALK
ADDR_130	KEMP HOUSE 160 CITY RD|KEMP HOUSE 160 CITY ROAD
ADDR_131	KEMP HOUSE 160 CITY RD|KEMP HOUSE 160 CITY ROAD
ADDR_132	SUITE 1 6 OWEN STREET|SUITE 1 6 OWEN ST|SUITE 1 6 OWEN STREETREET
ADDR_133	KEMP HOUSE 152 CITY ROAD|KEMP HOUSE 152 CITY RD
ADDR_134	80-83 LONG LANE|80-83 LONG LN
ADDR_135	145-157 ST. JOHN ST|145-157 STREET. JOHN STREETREET|145-157 ST. JOHN STREET
ADDR_136	KEMP HOUSE 160 CITY RD|KEMP HOUSE 160 CITY ROAD
ADDR_137	KEMP HOUSE 160 CITY RD|KEMP HOUSE 160 CITY ROAD
ADDR_138	SUITE 36 88-90 HATTON GARDON|SUITE 36 88-90 HATTON GAROADON
ADDR_139	KEMP HOUSE 152-160 CITY RD|KEMP HOUSE 152-160 CITY ROAD
ADDR_140	INTL HOUSE 24 HOLBORN VIADUCT|INTERNATIONAL HOUSE 24 HOLBORN VIADUCT
ADDR_141	FINSGATE 5-7 CRANWOOD STREET|FINSGATE 5-7 CRANWOOD STREETREET|FINSGATE 5-7 CRANWOOD ST
ADDR_142	130 OLD STREETREET|130 OLD STREET|130 OLD ST
ADDR_143	KEMP HOUSE 160 CITY RD|KEMP HOUSE 160 CITY ROAD
ADDR_144	KEMP HOUSE 160 CITY RD|KEMP HOUSE 160 CITY ROAD
ADDR_145	DEVONSHIRE HOUSE 60 GOSWELL ROAD|DEVONSHIRE HOUSE 60 GOSWELL RD
ADDR_146	130 OLD STREETREET|130 OLD STREET|130 OLD ST
ADDR_147	OFFICE 36 88-90 HATTON GAROADEN|OFFICE 36 88-90 HATTON GARDEN
ADDR_148	82 STREET. JOHN STREETREET|82 ST. JOHN ST|82 ST. JOHN STREET
ADDR_149	KEMP HOUSE 160 CITY RD|KEMP HOUSE 160 CITY ROAD
ADDR_150	INTL HOUSE HOLBORN VIADUCT|INTERNATIONAL HOUSE HOLBORN VIADUCT
ADDR_151	RAMON LEE AND PARTNERS KEMP HOUSE 152-160 CITY RD|RAMON LEE AND PARTNERS KEMP HOUSE 152-160 CITY ROAD
ADDR_152	2ND FLOOR 145-157 ST.JOHN STREET|2ND FLOOR 145-157 STREET.JOHN STREETREET|2ND FLOOR 145-157 ST.JOHN ST
ADDR_153	DEPARTMENT 16 101 CLERKENWELL RD|DEPARTMENT 16 101 CLERKENWELL ROAD
ADDR_154	HARELLA HOUSE 2ND FLOOR 90-98 GOSWELL ROAD|HARELLA HOUSE 2ND FLOOR 90-98 GOSWELL RD
ADDR_155	30 CITY ROAD|30 CITY RD
ADDR_156	C/O GROSS KLEIN 5 ST. JOHN'S LN|C/O GROSS KLEIN 5 STREET. JOHN'S LANE|C/O GROSS KLEIN 5 ST. JOHN'S LANE
ADDR_157	KEMP HOUSE 160 CITY RD|KEMP HOUSE 160 CITY ROAD
ADDR_158	KLACO HOUSE 28-30 SAINT JOHNS SQUARE|KLACO HOUSE 28-30 SAINT JOHNS SQ
ADDR_159	EDWARD BALDRY INTERNATIONAL HOUSE 24 HOLBORN VIADUCT|EDWARD BALDRY INTL HOUSE 24 HOLBORN VIADUCT|EDWAROAD BALDRY INTERNATIONAL HOUSE 24 HOLBORN VIADUCT
ADDR_160	GROUND FLOOR 1 BAKER'S ROW
ADDR_161	372 OLD ST|372 OLD STREET|372 OLD STREETREET
ADDR_162	78 - 80 ST. JOHN STREET|78 - 80 ST. JOHN ST|78 - 80 STREET. JOHN STREETREET
ADDR_163	LOWER GROUND FLOOR 111 CHARTERHOUSE STREETREET|LOWER GROUND FLOOR 111 CHARTERHOUSE ST|LOWER GROUND FLOOR 111 CHARTERHOUSE STREET
ADDR_164	MILTON GATE 60 CHISWELL ST|MILTON GATE 60 CHISWELL STREET|MILTON GATE 60 CHISWELL STREETREET
ADDR_165	145-157 ST. JOHN ST|145-157 STREET. JOHN STREETREET|145-157 ST. JOHN STREET
ADDR_166	KEMP HOUSE 152 CITY ROAD|KEMP HOUSE 152 CITY RD
ADDR_167	145-157 STREET JOHN STREETREET|145-157 ST JOHN STREET|145-157 ST JOHN ST
ADDR_168	FINSGATE 5-7 CRANWOOD STREET|FINSGATE 5-7 CRANWOOD STREETREET|FINSGATE 5-7 CRANWOOD ST
ADDR_169	28 ELY PL|28 ELY PLACE
ADDR_170	KEMP HOUSE 152 CITY ROAD|KEMP HOUSE 152 CITY RD
ADDR_171	KEMP HOUSE 160 CITY RD|KEMP HOUSE 160 CITY ROAD
ADDR_172	145-157 STREET JOHN STREETREET|145-157 ST JOHN STREET|145-157 ST JOHN ST
ADDR_173	INTL HOUSE 24 HOLBORN VIADUCT|INTERNATIONAL HOUSE 24 HOLBORN VIADUCT
ADDR_174	C/O KLSA CHARTERED ACCOUNTANTS KLACO HOUSE 28-30 ST. JOHN'S SQUARE|C/O KLSA CHARTERED ACCOUNTANTS KLACO HOUSE 28-30 STREET. JOHN'S SQUARE|C/O KLSA CHARTERED ACCOUNTANTS KLACO HOUSE 28-30 ST. JOHN'S SQ
ADDR_175	THIRD FLOOR 111 CHARTERHOUSE STREET|THIROAD FLOOR 111 CHARTERHOUSE STREET|THIRD FLOOR 111 CHARTERHOUSE STREETREET|THIRD FLOOR 111 CHARTERHOUSE ST
ADDR_176	KEMP HOUSE 152 CITY ROAD|KEMP HOUSE 152 CITY RD
ADDR_177	1 CHARTERHOUSE MEWS
ADDR_178	145-157 ST. JOHN ST|145-157 STREET. JOHN STREETREET|145-157 ST. JOHN STREET
ADDR_179	57-61 CHARTERHOUSE STREET|57-61 CHARTERHOUSE STREETREET|57-61 CHARTERHOUSE ST
ADDR_180	WESTBURY 2ND FLOOR 145-157 ST JOHN ST|WESTBURY 2ND FLOOR 145-157 ST JOHN STREET|WESTREETBURY 2ND FLOOR 145-157 STREET JOHN STREETREET
ADDR_181	KEMP HOUSE 160 CITY RD|KEMP HOUSE 160 CITY ROAD
ADDR_182	GROUND FLOOR 1 BAKER'S ROW
ADDR_183	50 FARRINGDON ROAD|50 FARRINGDON RD
ADDR_184	KEMP HOUSE 160 CITY RD|KEMP HOUSE 160 CITY ROAD
ADDR_185	145-157 STREET JOHN STREETREET|145-157 ST JOHN STREET|145-157 ST JOHN ST
ADDR_186	145-157 STREET JOHN STREETREET|145-157 ST JOHN STREET|145-157 ST JOHN ST
ADDR_187	145-157 ST. JOHN ST|145-157 STREET. JOHN STREETREET|145-157 ST. JOHN STREET
ADDR_188	GOUND FLOOR 1 BAKER'S ROW
ADDR_189	GROUND FLOOR 1 BAKER'S ROW
ADDR_190	34 NEW HOUSE 67-68 HATTON GARDENS|34 NEW HOUSE 67-68 HATTON GAROADENS
ADDR_191	SUITE 36 88-90 HATTON GAROADEN HOLBORN|SUITE 36 88-90 HATTON GARDEN HOLBORN
ADDR_192	LEVEL 3 91-93 FARRINGDON RD|LEVEL 3 91-93 FARRINGDON ROAD
ADDR_193	80-83 LONG LANE|80-83 LONG LN
ADDR_194	KEMP HOUSE 152-160 CITY RD|KEMP HOUSE 152-160 CITY ROAD
ADDR_195	2ND FLOOR 145-157 STREET JOHN STREETREET|2ND FLOOR 145-157 ST JOHN ST|2ND FLOOR 145-157 ST JOHN STREET
ADDR_196	57-61 CHARTERHOUSE STREET|57-61 CHARTERHOUSE STREETREET|57-61 CHARTERHOUSE ST
ADDR_197	15 BOWLING GREEN LN|15 BOWLING GREEN LANE
ADDR_198	KEMP HOUSE 152-160 CITY RD|KEMP HOUSE 152-160 CITY ROAD
ADDR_199	KEMP HOUSE 160 CITY RD|KEMP HOUSE 160 CITY ROAD
ADDR_200	INTL HOUSE 24 HOLBORN VIADUCT|INTERNATIONAL HOUSE 24 HOLBORN VIADUCT
ADDR_201	KEMP HOUSE 160 CITY RD|KEMP HOUSE 160 CITY ROAD
ADDR_202	30 CITY ROAD|30 CITY RD
ADDR_203	30 CITY ROAD|30 CITY RD
ADDR_204	INTL HOUSE 24 HOLBORN VIADUCT|INTERNATIONAL HOUSE 24 HOLBORN VIADUCT
ADDR_205	GROUND FLOOR 1 BAKER'S ROW
ADDR_206	THE TRAMPERY 239 OLD STREET|THE TRAMPERY 239 OLD STREETREET|THE TRAMPERY 239 OLD ST
ADDR_207	KEMP HOUSE 152-160 CITY RD|KEMP HOUSE 152-160 CITY ROAD
ADDR_208	KEMP HOUSE 152 CITY ROAD|KEMP HOUSE 152 CITY RD
ADDR_209	"KEMP HOUSE, 152-160 CITY RD"|"KEMP HOUSE, 152-160 CITY ROAD"
ADDR_210	SUITE 36 88-90 HATTON GAROADEN|SUITE 36 88-90 HATTON GARDEN
ADDR_211	GF 1 BAKER'S ROW
ADDR_212	145-157 ST. JOHN ST. JOHN ST|145-157 ST. JOHN ST. JOHN STREET|145-157 STREET. JOHN STREET. JOHN STREETREET
ADDR_213	"KEMP HOUSE, 152 CITY ROAD"|"KEMP HOUSE, 152 CITY RD"
ADDR_214	130 OLD STREETREET|130 OLD STREET|130 OLD ST
ADDR_215	10 COLDBATH SQ|10 COLDBATH SQUARE
ADDR_216	KEMP HOUSE 152 CITY ROAD|KEMP HOUSE 152 CITY RD
ADDR_217	145-157 STREET JOHN STREETREET|145-157 ST JOHN STREET|145-157 ST JOHN ST
ADDR_218	PETERSHAM HOUSE 57A HATTON GAROADEN|PETERSHAM HOUSE 57A HATTON GARDEN
ADDR_219	INTL HOUSE 24 HOLBORN VIADUCT|INTERNATIONAL HOUSE 24 HOLBORN VIADUCT
ADDR_220	GROUND FLOOR 1 BAKER'S ROW
ADDR_221	145-157 STREET JOHN STREETREET|145-157 ST JOHN STREET|145-157 ST JOHN ST
ADDR_222	82 ST JOHN ST|82 ST JOHN STREET|82 STREET JOHN STREETREET
ADDR_223	INTL HOUSE 24 HOLBORN VIADUCT|INTERNATIONAL HOUSE 24 HOLBORN VIADUCT
ADDR_224	145-157 STREET JOHN STREETREET|145-157 ST JOHN STREET|145-157 ST JOHN ST
ADDR_225	SUITE 36 88-90 HATTON GAROADEN|SUITE 36 88-90 HATTON GARDEN
ADDR_226	KEMP HOUSE 160 CITY RD|KEMP HOUSE 160 CITY ROAD
ADDR_227	KEMP HOUSE 160 CITY RD|KEMP HOUSE 160 CITY ROAD
ADDR_228	KEMP HOUSE 160 CITY RD|KEMP HOUSE 160 CITY ROAD
ADDR_229	KEMP HOUSE 152-160 CITY RD|KEMP HOUSE 152-160 CITY ROAD
ADDR_230	FINSGATE 5-7 CRANWOOD STREET|FINSGATE 5-7 CRANWOOD STREETREET|FINSGATE 5-7 CRANWOOD ST
ADDR_231	15 BOWLING GREEN LN|15 BOWLING GREEN LANE
ADDR_232	UNIT 34 67-68 HATTON GAROADEN|UNIT 34 67-68 HATTON GARDEN
ADDR_233	24 HOLBORN VIADUCT
ADDR_234	KEMP HOUSE 160 CITY RD|KEMP HOUSE 160 CITY ROAD
ADDR_235	16 BOWLING GREEN LANE|16 BOWLING GREEN LN
ADDR_236	COLONIAL BUILDINGS 59 - 61 HATTON GARDEN|COLONIAL BUILDINGS 59 - 61 HATTON GAROADEN
ADDR_237	145-157 STREET JOHN STREETREET|145-157 ST JOHN STREET|145-157 ST JOHN ST
ADDR_238	82 ST JOHN ST|82 ST JOHN STREET|82 STREET JOHN STREETREET
ADDR_239	152 CITY ROAD|152 CITY RD
ADDR_240	80-83 LONG LANE|80-83 LONG LN
ADDR_241	"KEMP HOUSE, 152 CITY ROAD, LONDON EC1V 2NX"|"KEMP HOUSE, 152 CITY RD, LONDON EC1V 2NX"
ADDR_242	152-160 KEMP HOUSE CITY ROAD|152-160 KEMP HOUSE CITY RD
ADDR_243	150 ALDERSGATE STREET|150 ALDERSGATE ST|150 ALDERSGATE STREETREET
ADDR_244	372 OLD ST|372 OLD STREET|372 OLD STREETREET
ADDR_245	145-157 STREET JOHN STREETREET|145-157 ST JOHN STREET|145-157 ST JOHN ST
ADDR_246	"C/O AMIN PATEL AND SHAH ACCOUNTANTS, 334-336 GOSWELL ROAD"|"C/O AMIN PATEL AND SHAH ACCOUNTANTS, 334-336 GOSWELL RD"
ADDR_247	KEMP HOUSE 160 CITY RD|KEMP HOUSE 160 CITY ROAD
ADDR_248	200 ALDERSGATE
ADDR_249	145-157 STREET JOHN STREETREET|145-157 ST JOHN STREET|145-157 ST JOHN ST
ADDR_250	INTL HOUSE 24 HOLBORN VIADUCT|INTERNATIONAL HOUSE 24 HOLBORN VIADUCT
ADDR_251	KEMP HOUSE 152-160 CITY RD|KEMP HOUSE 152-160 CITY ROAD
ADDR_252	KEMP HOUSE 160 CITY RD|KEMP HOUSE 160 CITY ROAD
ADDR_253	KEMP HOUSE CITY RD 152|KEMP HOUSE CITY ROAD 152
ADDR_254	C/O GOLDER BAQA GROUND FLOOR 1 BAKER'S ROW
ADDR_255	INTL HOUSE HOLBORN VIADUCT|INTERNATIONAL HOUSE HOLBORN VIADUCT
ADDR_256	24 GREVILLE ST|24 GREVILLE STREETREET|24 GREVILLE STREET
ADDR_257	C/O WESTREETBURY 2ND FLOOR 145-157 STREET JOHN STREETREET|C/O WESTBURY 2ND FLOOR 145-157 ST JOHN ST|C/O WESTBURY 2ND FLOOR 145-157 ST JOHN STREET
ADDR_258	80-83 LONG LANE|80-83 LONG LN
ADDR_259	4TH FLOOR 35-39 OLD STREETREET|4TH FLOOR 35-39 OLD ST|4TH FLOOR 35-39 OLD STREET
ADDR_260	SUITE 48 88-90 HATTON GARDEN|SUITE 48 88-90 HATTON GAROADEN
ADDR_261	INTL HOUSE 24 HOLBORN VIADUCT|INTERNATIONAL HOUSE 24 HOLBORN VIADUCT
ADDR_262	26-28 ELY PLACE 3ROAD FLOOR|26-28 ELY PL 3RD FLOOR|26-28 ELY PLACE 3RD FLOOR
ADDR_263	KEMP HOUSE 160 CITY RD|KEMP HOUSE 160 CITY ROAD
ADDR_264	KEMP HOUSE 152-160 CITY RD|KEMP HOUSE 152-160 CITY ROAD
ADDR_265	KEMP HOUSE 152 - 160 CITY RD|KEMP HOUSE 152 - 160 CITY ROAD
ADDR_266	145-157 ST. JOHN ST|145-157 STREET. JOHN STREETREET|145-157 ST. JOHN STREET
ADDR_267	FINSGATE 5-7 CRANWOOD STREET|FINSGATE 5-7 CRANWOOD STREETREET|FINSGATE 5-7 CRANWOOD ST
ADDR_268	KEMP HOUSE 160 CITY RD|KEMP HOUSE 160 CITY ROAD
ADDR_269	145-157 STREET JOHN STREETREET|145-157 ST JOHN STREET|145-157 ST JOHN ST
ADDR_270	411 DAVINA HOUSE 137-149 GOSWELL RD|411 DAVINA HOUSE 137-149 GOSWELL ROAD
ADDR_271	OFFICE 34 67-68 HATTON GAROADEN NEW HOUSE|OFFICE 34 67-68 HATTON GARDEN NEW HOUSE
ADDR_272	34 NEW HOUSE 67-68 HATTON GARDEN|34 NEW HOUSE 67-68 HATTON GAROADEN
ADDR_273	C/O GOLDER BAQA GROUND FLOOR 1 BAKER'S ROW
ADDR_274	C/O GOLDER BAQA GROUND FLOOR 1 BAKER'S ROW
ADDR_275	KEMP HOUSE 160 CITY RD|KEMP HOUSE 160 CITY ROAD
ADDR_276	LASER HOUSE 132-140 GOSWELL RD|LASER HOUSE 132-140 GOSWELL ROAD
ADDR_277	21 HOLBORN VIADUCT
ADDR_278	1 CHARTERHOUSE MEWS
ADDR_279	"DEVONSHIRE HOUSE, 60 GOSWELL ROAD"|"DEVONSHIRE HOUSE, 60 GOSWELL RD"
ADDR_280	KEMP HOUSE 160 CITY RD|KEMP HOUSE 160 CITY ROAD
ADDR_281	KEMP HOUSE 160 CITY RD|KEMP HOUSE 160 CITY ROAD
ADDR_282	145-157 STREET JOHN STREETREET|145-157 ST JOHN STREET|145-157 ST JOHN ST
ADDR_283	KEMP HOUSE 160 CITY RD|KEMP HOUSE 160 CITY ROAD
ADDR_284	338-346 GOSWELL ROAD|338-346 GOSWELL RD
ADDR_285	145-157 STREET JOHN STREETREET|145-157 ST JOHN STREET|145-157 ST JOHN ST
ADDR_286	KEMP HOUSE 152 CITY ROAD|KEMP HOUSE 152 CITY RD
ADDR_287	KEMP HOUSE 152-160 CITY RD|KEMP HOUSE 152-160 CITY ROAD
ADDR_288	130 OLD STREETREET|130 OLD STREET|130 OLD ST
ADDR_289	145-157 STREET JOHN STREETREET|145-157 ST JOHN STREET|145-157 ST JOHN ST
ADDR_290	DEVONSHIRE HOUSE 60 GOSWELL ROAD|DEVONSHIRE HOUSE 60 GOSWELL RD
ADDR_291	BIG STREETUDIOS 1 EASTREET POULTRY AVENUE|BIG STUDIOS 1 EAST POULTRY AVENUE|BIG STUDIOS 1 EAST POULTRY AVENUENUE|BIG STUDIOS 1 EAST POULTRY AVE
ADDR_292	15 BUNHILL ROW
ADDR_293	353-355 GOSWELL ROAD|353-355 GOSWELL RD
ADDR_294	KEMP HOUSE 152 CITY ROAD|KEMP HOUSE 152 CITY RD
ADDR_295	C/O GOLDER BAQA GROUND FLOOR 1 BAKER'S ROW
ADDR_296	LANSDOWNE HOUSE CITY FORUM 250 CITY RD|LANSDOWNE HOUSE CITY FORUM 250 CITY ROAD
ADDR_297	THIRD FLOOR 24 CHISWELL ST|THIRD FLOOR 24 CHISWELL STREET|THIRD FLOOR 24 CHISWELL STREETREET|THIROAD FLOOR 24 CHISWELL STREET
ADDR_298	KEMP HOUSE CITY RD|KEMP HOUSE CITY ROAD
ADDR_299	LASER HOUSE 132-140 GOSWELL RD|LASER HOUSE 132-140 GOSWELL ROAD
ADDR_300	145-157 ST. JOHN ST|145-157 STREET. JOHN STREETREET|145-157 ST. JOHN STREET
ADDR_301	145-157 STREET JOHN STREETREET|145-157 ST JOHN STREET|145-157 ST JOHN ST
ADDR_302	130 OLD STREETREET|130 OLD STREET|130 OLD ST
ADDR_303	145-157 STREET JOHN STREETREET|145-157 ST JOHN STREET|145-157 ST JOHN ST
ADDR_304	GROUND FLOOR 1 BAKER'S ROW
ADDR_305	3RD FLOOR 24 CHISWELL STREET|3RD FLOOR 24 CHISWELL ST|3ROAD FLOOR 24 CHISWELL STREET|3RD FLOOR 24 CHISWELL STREETREET
ADDR_306	KEMP HOUSE 160 CITY RD|KEMP HOUSE 160 CITY ROAD
ADDR_307	UNIT 36 88-90 HATTON GAROADEN|UNIT 36 88-90 HATTON GARDEN
ADDR_308	145-157 STREET JOHN STREETREET|145-157 ST JOHN STREET|145-157 ST JOHN ST
ADDR_309	CLERKENWELL WORKSHOPS 31 CLERKENWELL CLOSE
ADDR_310	"KINGSTREETON SMITH LLP, DEVONSHIRE HOUSE 60 GOSWELL ROAD"|"KINGSTON SMITH LLP, DEVONSHIRE HOUSE 60 GOSWELL ROAD"|"KINGSTON SMITH LLP, DEVONSHIRE HOUSE 60 GOSWELL RD"
ADDR_311	INTL HOUSE 24 HOLBORN VIADUCT|INTERNATIONAL HOUSE 24 HOLBORN VIADUCT
ADDR_312	THIRD FLOOR 112 CLERKENWELL ROAD|THIROAD FLOOR 112 CLERKENWELL ROAD|THIRD FLOOR 112 CLERKENWELL RD
ADDR_313	30 CITY ROAD|30 CITY RD
ADDR_314	C/O GOLDER BAQA GROUND FLOOR 1 BAKER'S ROW
ADDR_315	145-157 STREET JOHN STREETREET|145-157 ST JOHN STREET|145-157 ST JOHN ST
ADDR_316	KEMP HOUSE 152 CITY ROAD|KEMP HOUSE 152 CITY RD
ADDR_317	C/O GOLDER BAQA GROUND FLOOR 1 BAKER'S ROW
ADDR_318	DEVONSHIRE HOUSE 60 GOSWELL ROAD|DEVONSHIRE HOUSE 60 GOSWELL RD
ADDR_319	KEMP HOUSE 152-160 CITY RD|KEMP HOUSE 152-160 CITY ROAD
ADDR_320	28 ELY PL 3RD FLOOR|28 ELY PLACE 3RD FLOOR|28 ELY PLACE 3ROAD FLOOR
ADDR_321	150 ALDERSGATE STREET|150 ALDERSGATE ST|150 ALDERSGATE STREETREET
ADDR_322	30 CITY ROAD|30 CITY RD
ADDR_323	145-157 STREET JOHN STREETREET|145-157 ST JOHN STREET|145-157 ST JOHN ST
ADDR_324	"152 KEMP HOUSE, CITY ROAD "|"152 KEMP HOUSE, CITY RD "
ADDR_325	145-157 STREET JOHN STREETREET|145-157 ST JOHN STREET|145-157 ST JOHN ST
ADDR_326	150 ALDERSGATE STREET|150 ALDERSGATE ST|150 ALDERSGATE STREETREET
ADDR_327	"GROUND FLOOR , 1 BAKER'S ROW"
ADDR_328	KEMP HOUSE 160 CITY RD|KEMP HOUSE 160 CITY ROAD
ADDR_329	145-157 STREET JOHN STREETREET|145-157 ST JOHN STREET|145-157 ST JOHN ST
ADDR_330	KEMP HOUSE 160 CITY RD|KEMP HOUSE 160 CITY ROAD
ADDR_331	"SUITE 34, 68 HATTON GARDEN"|"SUITE 34, 68 HATTON GAROADEN"
ADDR_332	2ND FLOOR 145-157 STREET JOHN STREETREET|2ND FLOOR 145-157 ST JOHN ST|2ND FLOOR 145-157 ST JOHN STREET
ADDR_333	4TH FLOOR CLERKS WELL HOUSE 20 BRITTON STREETREET|4TH FLOOR CLERKS WELL HOUSE 20 BRITTON ST|4TH FLOOR CLERKS WELL HOUSE 20 BRITTON STREET
ADDR_334	THIRD FLOOR 24 CHISWELL ST|THIRD FLOOR 24 CHISWELL STREET|THIRD FLOOR 24 CHISWELL STREETREET|THIROAD FLOOR 24 CHISWELL STREET
ADDR_335	3 BAKER'S ROW
ADDR_336	THIRD FLOOR 12 EASTREET PASSAGE|THIROAD FLOOR 12 EAST PASSAGE|THIRD FLOOR 12 EAST PASSAGE
ADDR_337	THIRD FLOOR 12 EASTREET PASSAGE|THIROAD FLOOR 12 EAST PASSAGE|THIRD FLOOR 12 EAST PASSAGE
ADDR_338	KEMP HOUSE 152-160 CITY RD|KEMP HOUSE 152-160 CITY ROAD
ADDR_339	SUITE 10 MINERVA HOUSE 26-27 HATTON GAROADEN|SUITE 10 MINERVA HOUSE 26-27 HATTON GARDEN
ADDR_340	152-160 CITY ROAD|152-160 CITY RD
ADDR_341	KEMP HOUSE 152-160 CITY RD|KEMP HOUSE 152-160 CITY ROAD
ADDR_342	2ND FLOOR 145-157 STREET JOHN STREETREET|2ND FLOOR 145-157 ST JOHN ST|2ND FLOOR 145-157 ST JOHN STREET
ADDR_343	88-90 HATTON GAROADEN|88-90 HATTON GARDEN
ADDR_344	KEMP HOUSE 160 CITY RD|KEMP HOUSE 160 CITY ROAD
ADDR_345	152 CITY ROAD|152 CITY RD
ADDR_346	152 CITY ROAD|152 CITY RD
ADDR_347	INTL HOUSE 24 HOLBORN VIADUCT|INTERNATIONAL HOUSE 24 HOLBORN VIADUCT
ADDR_348	88 GOLDEN LANE|88 GOLDEN LN
ADDR_349	334 - 336 GOSWELL ROAD|334 - 336 GOSWELL RD
ADDR_350	GROUND FLOOR 1 BAKER'S ROW
ADDR_351	STREET JOHNS HOUSE 54 STREET JOHN'S SQUARE|ST JOHNS HOUSE 54 ST JOHN'S SQ|ST JOHNS HOUSE 54 ST JOHN'S SQUARE
ADDR_352	KEMP HOUSE 152 CITY ROAD|KEMP HOUSE 152 CITY RD
ADDR_353	INTL HOUSE 24 HOLBORN VIADUCT|INTERNATIONAL HOUSE 24 HOLBORN VIADUCT
ADDR_354	39 HATTON GARDEN|39 HATTON GAROADEN
ADDR_355	BIG STREETUDIOS 1 EASTREET POULTRY AVENUE|BIG STUDIOS 1 EAST POULTRY AVENUE|BIG STUDIOS 1 EAST POULTRY AVENUENUE|BIG STUDIOS 1 EAST POULTRY AVE
ADDR_356	GROUND FLOOR 1 BAKER'S ROW
ADDR_357	UNIT 34 HATTON GARDEN|UNIT 34 HATTON GAROADEN
ADDR_358	137-139 WHITECROSS ST|137-139 WHITECROSS STREETREET|137-139 WHITECROSS STREET
ADDR_359	28 ELY PL 3RD FLOOR|28 ELY PLACE 3RD FLOOR|28 ELY PLACE 3ROAD FLOOR
ADDR_360	KLACO HOUSE 28-30 ST JOHN'S SQ|KLACO HOUSE 28-30 ST JOHN'S SQUARE|KLACO HOUSE 28-30 STREET JOHN'S SQUARE
ADDR_361	KEMP HOUSE 160 CITY RD|KEMP HOUSE 160 CITY ROAD
ADDR_362	BIG STREETUDIOS 1 EASTREET POULTRY AVENUE|BIG STUDIOS 1 EAST POULTRY AVENUE|BIG STUDIOS 1 EAST POULTRY AVENUENUE|BIG STUDIOS 1 EAST POULTRY AVE
ADDR_363	33 HOLBORN
ADDR_364	INTL HOUSE 24 HOLBORN VIADUCT|INTERNATIONAL HOUSE 24 HOLBORN VIADUCT
ADDR_365	THIRD FLOOR 111 CHARTERHOUSE STREET|THIROAD FLOOR 111 CHARTERHOUSE STREET|THIRD FLOOR 111 CHARTERHOUSE STREETREET|THIRD FLOOR 111 CHARTERHOUSE ST
ADDR_366	145-157 STREET JOHN STREETREET|145-157 ST JOHN STREET|145-157 ST JOHN ST
ADDR_367	KEMP HOUSE 160 CITY RD|KEMP HOUSE 160 CITY ROAD
ADDR_368	30 ELY PLACE THIROAD FLOOR OFFICE 30 ELY PLACE|30 ELY PL THIRD FLOOR OFFICE 30 ELY PL|30 ELY PLACE THIRD FLOOR OFFICE 30 ELY PLACE
ADDR_369	17TH FLOOR 200 ALDERSGATE STREET|17TH FLOOR 200 ALDERSGATE ST|17TH FLOOR 200 ALDERSGATE STREETREET
ADDR_370	KEMP HOUSE 160 CITY RD|KEMP HOUSE 160 CITY ROAD
ADDR_371	145-157 STREET JOHN STREETREET|145-157 ST JOHN STREET|145-157 ST JOHN ST
ADDR_372	145-147 ST. JOHN STREET|145-147 STREET. JOHN STREETREET|145-147 ST. JOHN ST
ADDR_373	INTL HOUSE 24 HOLBORN VIADUCT|INTERNATIONAL HOUSE 24 HOLBORN VIADUCT
ADDR_374	KEMP HOUSE 160 CITY RD|KEMP HOUSE 160 CITY ROAD
ADDR_375	INTL HOUSE 24 HOLBORN VIADUCT|INTERNATIONAL HOUSE 24 HOLBORN VIADUCT
ADDR_376	KEMP HOUSE 152 CITY ROAD|KEMP HOUSE 152 CITY RD
ADDR_377	KEMP HOUSE 152 CITY ROAD|KEMP HOUSE 152 CITY RD
ADDR_378	GROUND FLOOR 1 BAKER'S ROW
ADDR_379	GROUND FLOOR 1 BAKER'S ROW
ADDR_380	KEMP HOUSE 152 CITY ROAD|KEMP HOUSE 152 CITY RD
ADDR_381	LASER HOUSE 132-140 GOSWELL RD|LASER HOUSE 132-140 GOSWELL ROAD
ADDR_382	KEMP HOUSE 152-160 CITY RD|KEMP HOUSE 152-160 CITY ROAD
ADDR_383	KEMP HOUSE 160 CITY RD|KEMP HOUSE 160 CITY ROAD
ADDR_384	33 EYRE STREET HILL|33 EYRE ST HILL|33 EYRE STREETREET HILL
ADDR_385	LASER HOUSE 132-140 GOSWELL RD|LASER HOUSE 132-140 GOSWELL ROAD
ADDR_386	28 ELY PL|28 ELY PLACE
ADDR_387	KEMP HOUSE 160 CITY RD|KEMP HOUSE 160 CITY ROAD
ADDR_388	OFFICE 36 88-90 HATTON GAROADEN|OFFICE 36 88-90 HATTON GARDEN
ADDR_389	SILK HOUSE 61A GEE STREETREET|SILK HOUSE 61A GEE ST|SILK HOUSE 61A GEE STREET
ADDR_390	02-Jul CLERKENWELL GREEN
ADDR_391	SUITE 36 88-90 HATTON GAROADEN|SUITE 36 88-90 HATTON GARDEN
ADDR_392	145-157 STREET JOHN STREETREET|145-157 ST JOHN STREET|145-157 ST JOHN ST
ADDR_393	145-157 STREET JOHN STREETREET|145-157 ST JOHN STREET|145-157 ST JOHN ST
ADDR_394	1 CHARTERHOUSE MEWS
ADDR_395	UNIT 36 88-90 HATTON GAROADEN|UNIT 36 88-90 HATTON GARDEN
ADDR_396	KEMP HOUSE 160 CITY RD|KEMP HOUSE 160 CITY ROAD
ADDR_397	KEMP HOUSE 152 CITY ROAD|KEMP HOUSE 152 CITY RD
ADDR_398	KEMP HOUSE 152-160 CITY RD|KEMP HOUSE 152-160 CITY ROAD
ADDR_399	"BIG STREETUDIOS, 1 EASTREET POULTRY AVENUE"|"BIG STUDIOS, 1 EAST POULTRY AVENUE"|"BIG STUDIOS, 1 EAST POULTRY AVENUENUE"|"BIG STUDIOS, 1 EAST POULTRY AVE"
ADDR_400	FIRST FLOOR THAVIES INN HOUSE 3-4 HOLBORN CIRCUS|FIRSTREET FLOOR THAVIES INN HOUSE 3-4 HOLBORN CIRCUS
ADDR_401	35-39 4TH FLOOR OLD STREETREET|35-39 4TH FLOOR OLD STREET|35-39 4TH FLOOR OLD ST
ADDR_402	3 BUNHILL ROW
ADDR_403	KEMP HOUSE 160 CITY RD|KEMP HOUSE 160 CITY ROAD
ADDR_404	KEMP HOUSE 160 CITY RD|KEMP HOUSE 160 CITY ROAD
ADDR_405	INTL HOUSE 24 HOLBORN VIADUCT|INTERNATIONAL HOUSE 24 HOLBORN VIADUCT
ADDR_406	INTL HOUSE 24 HOLBORN VIADUCT|INTERNATIONAL HOUSE 24 HOLBORN VIADUCT
ADDR_407	34 NEW HOUSE 67-68 HATTON GARDEN|34 NEW HOUSE 67-68 HATTON GAROADEN
ADDR_408	DEVONSHIRE HOUSE 60 GOSWELL ROAD|DEVONSHIRE HOUSE 60 GOSWELL RD
ADDR_409	INTL HOUSE 24 HOLBORN VIADUCT|INTERNATIONAL HOUSE 24 HOLBORN VIADUCT
ADDR_410	SUITE 48 88-90 HATTON GARDEN|SUITE 48 88-90 HATTON GAROADEN
ADDR_411	FIRST FLOOR THAVIES INN HOUSE / 3-4 HOLBORN CIRCUS|FIRSTREET FLOOR THAVIES INN HOUSE / 3-4 HOLBORN CIRCUS
ADDR_412	145-157 STREET JOHN STREETREET|145-157 ST JOHN STREET|145-157 ST JOHN ST
ADDR_413	145-157 STREET JOHN STREETREET|145-157 ST JOHN STREET|145-157 ST JOHN ST
ADDR_414	KEMP HOUSE 160 CITY RD|KEMP HOUSE 160 CITY ROAD
ADDR_415	15 BOWLING GREEN LN|15 BOWLING GREEN LANE
ADDR_416	KEMP HOUSE 152 CITY ROAD|KEMP HOUSE 152 CITY RD
ADDR_417	145-157 STREET JOHN STREETREET|145-157 ST JOHN STREET|145-157 ST JOHN ST
ADDR_418	BM ADVISORY LLLP 82 STREET JOHN STREETREET|BM ADVISORY LLLP 82 ST JOHN ST|BM ADVISORY LLLP 82 ST JOHN STREET
ADDR_419	16 STREET. MARTIN'S LE GRAND|16 ST. MARTIN'S LE GRAND
ADDR_420	INTL HOUSE 24 HOLBORN VIADUCT|INTERNATIONAL HOUSE 24 HOLBORN VIADUCT
ADDR_421	1 EAST POULTRY AVENUENUE EAST POULTRY AVENUENUE FIRST FLOOR|1 EASTREET POULTRY AVENUE EASTREET POULTRY AVENUE FIRSTREET FLOOR|1 EAST POULTRY AVE EAST POULTRY AVE FIRST FLOOR|1 EAST POULTRY AVENUE EAST POULTRY AVENUE FIRST FLOOR
ADDR_422	21 HOLBORN VIADUCT
ADDR_423	KEMP HOUSE 160 CITY RD|KEMP HOUSE 160 CITY ROAD
ADDR_424	KEMP HOUSE 152 - 160 CITY RD|KEMP HOUSE 152 - 160 CITY ROAD
ADDR_425	KEMP HOUSE 152-160 CITY RD|KEMP HOUSE 152-160 CITY ROAD
ADDR_426	KEMP HOUSE 160 CITY RD|KEMP HOUSE 160 CITY ROAD
ADDR_427	7 PEARTREE ST|7 PEARTREE STREETREET|7 PEARTREE STREET
ADDR_428	KEMP HOUSE 152 CITY ROAD|KEMP HOUSE 152 CITY RD
ADDR_429	LASER HOUSE 132-140 GOSWELL RD|LASER HOUSE 132-140 GOSWELL ROAD
ADDR_430	145-157 ST. JOHN ST|145-157 STREET. JOHN STREETREET|145-157 ST. JOHN STREET
ADDR_431	84 STREET. JOHN STREETREET|84 ST. JOHN STREET|84 ST. JOHN ST
ADDR_432	OFFICE 36 88-90 HATTON GAROADEN|OFFICE 36 88-90 HATTON GARDEN
ADDR_433	145-157 STREET JOHN STREETREET|145-157 ST JOHN STREET|145-157 ST JOHN ST
ADDR_434	APEX HOUSE 24 59 BUNHILL ROW
ADDR_435	34 NEW HOUSE 67-68 HATTON GARDEN|34 NEW HOUSE 67-68 HATTON GAROADEN
ADDR_436	80 OLD STREET|80 OLD STREETREET|80 OLD ST
ADDR_437	WHITE BEAR YAROAD 144A CLERKENWELL ROAD|WHITE BEAR YARD 144A CLERKENWELL ROAD|WHITE BEAR YARD 144A CLERKENWELL RD
ADDR_438	KEMP HOUSE 160 CITY RD|KEMP HOUSE 160 CITY ROAD
ADDR_439	KEMP HOUSE 160 CITY RD|KEMP HOUSE 160 CITY ROAD
ADDR_440	KEMP HOUSE 160 CITY RD|KEMP HOUSE 160 CITY ROAD
ADDR_441	THIRD FLOOR 112 CLERKENWELL ROAD|THIROAD FLOOR 112 CLERKENWELL ROAD|THIRD FLOOR 112 CLERKENWELL RD
ADDR_442	KEMP HOUSE 160 CITY RD|KEMP HOUSE 160 CITY ROAD
ADDR_443	DEVONSHIRE HOUSE 60 GOSWELL ROAD|DEVONSHIRE HOUSE 60 GOSWELL RD
ADDR_444	1 OLIVER'S YAROAD 55-71 CITY ROAD|1 OLIVER'S YARD 55-71 CITY ROAD|1 OLIVER'S YARD 55-71 CITY RD
ADDR_445	200 ALDERSGATE ALDERSGATE ST|200 ALDERSGATE ALDERSGATE STREET|200 ALDERSGATE ALDERSGATE STREETREET
ADDR_446	GROUND FLOOR 1 BAKER'S ROW
ADDR_447	UNIT 34 67-68 HATTON GARDEN NEW HOUSE|UNIT 34 67-68 HATTON GAROADEN NEW HOUSE
ADDR_448	KEMP HOUSE 152-160 CITY RD|KEMP HOUSE 152-160 CITY ROAD
ADDR_449	C/O CAYOS CONSULTING SERVICES 40 BOWLING GREEN LANE|C/O CAYOS CONSULTING SERVICES 40 BOWLING GREEN LN
ADDR_450	C/O TOBIN ASSOCIATES 4TH FLOOR
ADDR_451	PREMIER HOUSE 12-13 HATTON GAROADEN|PREMIER HOUSE 12-13 HATTON GARDEN
ADDR_452	145-157 STREET JOHN STREETREET|145-157 ST JOHN STREET|145-157 ST JOHN ST
ADDR_453	KEMP HOUSE 152/160 CITY ROAD|KEMP HOUSE 152/160 CITY RD
ADDR_454	"INTL HOUSE, 24 HOLBORN VIADUCT"|"INTERNATIONAL HOUSE, 24 HOLBORN VIADUCT"
ADDR_455	FLAT 1 61 MYDDELTON SQ|FLAT 1 61 MYDDELTON SQUARE
ADDR_456	17-18 AYLESBURY ST|17-18 AYLESBURY STREETREET|17-18 AYLESBURY STREET
ADDR_457	KEMP HOUSE 152-160 CITY RD|KEMP HOUSE 152-160 CITY ROAD
ADDR_458	15 BOWLING GREEN LN|15 BOWLING GREEN LANE
ADDR_459	KEMP HOUSE 160 CITY RD|KEMP HOUSE 160 CITY ROAD
ADDR_460	145-157 STREET JOHN STREETREET|145-157 ST JOHN STREET|145-157 ST JOHN ST
ADDR_461	30 CITY ROAD|30 CITY RD
ADDR_462	145-157 STREET JOHN STREETREET|145-157 ST JOHN STREET|145-157 ST JOHN ST
ADDR_463	KEMP HOUSE 152 CITY ROAD|KEMP HOUSE 152 CITY RD
ADDR_464	145-157 STREET JOHN STREETREET|145-157 ST JOHN STREET|145-157 ST JOHN ST
ADDR_465	335 CITY ROAD|335 CITY RD
ADDR_466	THE JOHNSON BUILDING 77 HATTON GARDEN|THE JOHNSON BUILDING 77 HATTON GAROADEN
ADDR_467	KEMP HOUSE 160 CITY RD|KEMP HOUSE 160 CITY ROAD
ADDR_468	KEMP HOUSE 152-160 CITY RD|KEMP HOUSE 152-160 CITY ROAD
ADDR_469	KEMP HOUSE 160 CITY RD|KEMP HOUSE 160 CITY ROAD
ADDR_470	KEMP HOUSE 152 CITY ROAD|KEMP HOUSE 152 CITY RD
ADDR_471	"THIRD FLOOR, 24 CHISWELL STREET"|"THIRD FLOOR, 24 CHISWELL ST"|"THIRD FLOOR, 24 CHISWELL STREETREET"|"THIROAD FLOOR, 24 CHISWELL STREET"
ADDR_472	74 FLORIN CT 6-9 CHARTERHOUSE SQUARE|74 FLORIN COURT 6-9 CHARTERHOUSE SQUARE|74 FLORIN COURT 6-9 CHARTERHOUSE SQ
ADDR_473	"SUITES 1.04 AND 1.05, EAGLE HOUSE 167 CITY ROAD"|"SUITES 1.04 AND 1.05, EAGLE HOUSE 167 CITY RD"
ADDR_474	KEMP HOUSE CITY RD|KEMP HOUSE CITY ROAD
ADDR_475	145-157 STREET JOHN STREETREET|145-157 ST JOHN STREET|145-157 ST JOHN ST
ADDR_476	KEMP HOUSE 160 CITY RD|KEMP HOUSE 160 CITY ROAD
ADDR_477	DEVONSHIRE HOUSE 60 GOSWELL ROAD|DEVONSHIRE HOUSE 60 GOSWELL RD
ADDR_478	10 COLDBATH SQ|10 COLDBATH SQUARE
ADDR_479	145-157 ST. JOHN ST|145-157 STREET. JOHN STREETREET|145-157 ST. JOHN STREET
ADDR_480	KEMP HOUSE 160 CITY RD|KEMP HOUSE 160 CITY ROAD
ADDR_481	KEMP HOUSE 160 CITY RD|KEMP HOUSE 160 CITY ROAD
ADDR_482	KEMP HOUSE 152-160 CITY RD|KEMP HOUSE 152-160 CITY ROAD
ADDR_483	THIRD FLOOR 24 CHISWELL ST|THIRD FLOOR 24 CHISWELL STREET|THIRD FLOOR 24 CHISWELL STREETREET|THIROAD FLOOR 24 CHISWELL STREET
ADDR_484	KEMP HOUSE 160 CITY RD|KEMP HOUSE 160 CITY ROAD
ADDR_485	INTL HOUSE 24 HOLBORN VIADUCT CITY OF LONDON|INTERNATIONAL HOUSE 24 HOLBORN VIADUCT CITY OF LONDON
ADDR_486	"INTL HOUSE, 24 HOLBORN VIADUCT"|"INTERNATIONAL HOUSE, 24 HOLBORN VIADUCT"
ADDR_487	KEMP HOUSE 152 CITY ROAD|KEMP HOUSE 152 CITY RD
ADDR_488	6.4 ZIGGURAT BUILDING 60-66 SAFFRON HILL
ADDR_489	145-157 STREET JOHN STREETREET|145-157 ST JOHN STREET|145-157 ST JOHN ST
ADDR_490	UNIT 410 27-31 CLERKENWELL CLOSE
ADDR_491	34 NEW HOUSE HATTON GAROADEN|34 NEW HOUSE HATTON GARDEN
ADDR_492	145-157 STREET JOHN STREETREET|145-157 ST JOHN STREET|145-157 ST JOHN ST
ADDR_493	UNIT 36 / SUITE 36 / OFFICE 36 UNIT 36 / SUITE 36 / OFFICE 36 88 - 90 HATTON GARDEN|UNIT 36 / SUITE 36 / OFFICE 36 UNIT 36 / SUITE 36 / OFFICE 36 88 - 90 HATTON GAROADEN
ADDR_494	KEMP HOUSE 152-160 CITY RD|KEMP HOUSE 152-160 CITY ROAD
ADDR_495	145-157 STREET JOHN STREETREET|145-157 ST JOHN STREET|145-157 ST JOHN ST
ADDR_496	KEMP HOUSE 152 CITY ROAD|KEMP HOUSE 152 CITY RD
ADDR_497	24 HOLBORN VIADUCT
ADDR_498	145-157 ST. JOHN ST|145-157 STREET. JOHN STREETREET|145-157 ST. JOHN STREET
ADDR_499	SUITE 48 88-90 HATTON GARDEN|SUITE 48 88-90 HATTON GAROADEN
ADDR_500	145-157 STREET JOHN STREETREET|145-157 ST JOHN STREET|145-157 ST JOHN ST
ADDR_501	34 NEW HOUSE 67-68 HATTON GARDEN|34 NEW HOUSE 67-68 HATTON GAROADEN
ADDR_502	GROUND FLOOR 1 BAKER'S ROW
ADDR_503	270 DANCE SQUARE|270 DANCE SQ
ADDR_504	GROUND FLOOR 1 BAKER'S ROW
ADDR_505	2ND FLOOR 145-157 STREET JOHN STREETREET|2ND FLOOR 145-157 ST JOHN ST|2ND FLOOR 145-157 ST JOHN STREET
ADDR_506	145-157 STREET JOHN STREETREET|145-157 ST JOHN STREET|145-157 ST JOHN ST
ADDR_507	INTL HOUSE 24 HOLBORN VIADUCT|INTERNATIONAL HOUSE 24 HOLBORN VIADUCT
ADDR_508	PRINCE CONSORT HOUSE 109-111 FARRINGDON RD|PRINCE CONSORT HOUSE 109-111 FARRINGDON ROAD
ADDR_509	3ROAD FLOOR 28 ELY PLACE|3RD FLOOR 28 ELY PL|3RD FLOOR 28 ELY PLACE
ADDR_510	UNIT2 5 BALDWIN ST|UNIT2 5 BALDWIN STREET|UNIT2 5 BALDWIN STREETREET
ADDR_511	3RD FLOOR 24 CHISWELL STREET|3RD FLOOR 24 CHISWELL ST|3ROAD FLOOR 24 CHISWELL STREET|3RD FLOOR 24 CHISWELL STREETREET
ADDR_512	HOXTON MIX 86-90 PAUL STREET|HOXTON MIX 86-90 PAUL ST
ADDR_513	"INTERNATIONAL HOUSE, 24 HOLBORN VIADUCT HOLBORN VIADUCT"|"INTL HOUSE, 24 HOLBORN VIADUCT HOLBORN VIADUCT"
ADDR_514	KEMP HOUSE CITY RD|KEMP HOUSE CITY ROAD
ADDR_515	15 BOWLING GREEN LN|15 BOWLING GREEN LANE
ADDR_516	C/O GOLDER BAQA GROUND FLOOR 1 BAKER'S ROW
ADDR_517	27-31 CLERKENWELL CLOSE
ADDR_518	160 CITY ROAD KEMP HOUSE|160 CITY RD KEMP HOUSE
ADDR_519	52 KINGSWAY PLACE SANS WALK|52 KINGSWAY PL SANS WALK
ADDR_520	345 OLD ST|345 OLD STREET|345 OLD STREETREET
ADDR_521	1-3 DUFFERIN ST|1-3 DUFFERIN STREET|1-3 DUFFERIN STREETREET
ADDR_522	15 BOWLING GREEN LN|15 BOWLING GREEN LANE
ADDR_523	KEMP HOUSE 160 CITY RD|KEMP HOUSE 160 CITY ROAD
ADDR_524	359 GOSWELL RD|359 GOSWELL ROAD
ADDR_525	DEVONSHIRE HOUSE 60 GOSWELL ROAD|DEVONSHIRE HOUSE 60 GOSWELL RD
ADDR_526	15 BOWLING GREEN LN|15 BOWLING GREEN LANE
ADDR_527	DEVONSHIRE HOUSE 60 GOSWELL ROAD|DEVONSHIRE HOUSE 60 GOSWELL RD
ADDR_528	CAPITAL OFFICE 152 CITY ROAD|CAPITAL OFFICE 152 CITY RD
ADDR_529	KEMP HOUSE 152 CITY ROAD|KEMP HOUSE 152 CITY RD
ADDR_530	"KEMP HOUSE, 152-160 CITY RD CITY RD"|"KEMP HOUSE, 152-160 CITY ROAD CITY ROAD"
ADDR_531	DYNAMIS HOUSE 6-8 SYCAMORE STREET|DYNAMIS HOUSE 6-8 SYCAMORE ST|DYNAMIS HOUSE 6-8 SYCAMORE STREETREET
ADDR_532	KEMP HOUSE 160 CITY RD|KEMP HOUSE 160 CITY ROAD
ADDR_533	145-157 STREET JOHN STREETREET|145-157 ST JOHN STREET|145-157 ST JOHN ST
ADDR_534	31B ADEYFIELD HOUSE CRANWOOD ST|31B ADEYFIELD HOUSE CRANWOOD STREET|31B ADEYFIELD HOUSE CRANWOOD STREETREET
ADDR_535	KEMP HOUSE 160 CITY RD|KEMP HOUSE 160 CITY ROAD
ADDR_536	195 WHITECROSS STREETREET|195 WHITECROSS ST|195 WHITECROSS STREET
ADDR_537	3RD FLOOR 24 CHISWELL STREET|3RD FLOOR 24 CHISWELL ST|3ROAD FLOOR 24 CHISWELL STREET|3RD FLOOR 24 CHISWELL STREETREET
ADDR_538	30 CITY ROAD|30 CITY RD
ADDR_539	SUITE 1A 1 LINDSEY ST|SUITE 1A 1 LINDSEY STREETREET|SUITE 1A 1 LINDSEY STREET
ADDR_540	2ND FLOOR 197 CITY RD|2ND FLOOR 197 CITY ROAD
ADDR_541	145-157 STREET JOHN STREETREET|145-157 ST JOHN STREET|145-157 ST JOHN ST
ADDR_542	KEMP HOUSE 160 CITY RD|KEMP HOUSE 160 CITY ROAD
ADDR_543	145-157 STREET JOHN STREETREET|145-157 ST JOHN STREET|145-157 ST JOHN ST
ADDR_544	SUITE 48 88-90 HATTON GARDEN|SUITE 48 88-90 HATTON GAROADEN
ADDR_545	OFFICE 36 88-90 HATTON GAROADEN|OFFICE 36 88-90 HATTON GARDEN
ADDR_546	80 - 83 LONG LN|80 - 83 LONG LANE
ADDR_547	KEMP HOUSE 160 CITY RD|KEMP HOUSE 160 CITY ROAD
ADDR_548	KEMP HOUSE 152 CITY ROAD|KEMP HOUSE 152 CITY RD
ADDR_549	KEMP HOUSE CITY RD|KEMP HOUSE CITY ROAD
ADDR_550	145-157 STREET JOHN STREETREET|145-157 ST JOHN STREET|145-157 ST JOHN ST
ADDR_551	INTL HOUSE 24 HOLBORN VIADUCT|INTERNATIONAL HOUSE 24 HOLBORN VIADUCT
ADDR_552	INTL HOUSE 24 HOLBORN VIADUCT|INTERNATIONAL HOUSE 24 HOLBORN VIADUCT
ADDR_553	1892 BUILDING 47 KINGSWAY PL|1892 BUILDING 47 KINGSWAY PLACE
ADDR_554	INTL HOUSE 24 HOLBORN VIADUCT|INTERNATIONAL HOUSE 24 HOLBORN VIADUCT
ADDR_555	GROUND FLOOR WHITE BEAR YAROAD 144A CLERKENWELL ROAD|GROUND FLOOR WHITE BEAR YARD 144A CLERKENWELL ROAD|GROUND FLOOR WHITE BEAR YARD 144A CLERKENWELL RD
ADDR_556	KEMP HOUSE 160 CITY RD|KEMP HOUSE 160 CITY ROAD
ADDR_557	12-14 BERRY STREETREET CLERKENWELL|12-14 BERRY STREET CLERKENWELL|12-14 BERRY ST CLERKENWELL
ADDR_558	12-14 BERRY STREETREET CLERKENWELL|12-14 BERRY STREET CLERKENWELL|12-14 BERRY ST CLERKENWELL
ADDR_559	3ROAD FLOOR 49 FARRINGDON ROAD|3RD FLOOR 49 FARRINGDON ROAD|3RD FLOOR 49 FARRINGDON RD
ADDR_560	17-18 AYLESBURY ST|17-18 AYLESBURY STREETREET|17-18 AYLESBURY STREET
ADDR_561	145-157 STREET JOHN STREETREET|145-157 ST JOHN STREET|145-157 ST JOHN ST
ADDR_562	KEMP HOUSE 152 CITY ROAD|KEMP HOUSE 152 CITY RD
ADDR_563	KEMP HOUSE 152 CITY ROAD|KEMP HOUSE 152 CITY RD
ADDR_564	"KEMP HOUSE, 152-160 CITY RD"|"KEMP HOUSE, 152-160 CITY ROAD"
ADDR_565	KEMP HOUSE 152 - 160 CITY RD|KEMP HOUSE 152 - 160 CITY ROAD
ADDR_566	KEMP HOUSE 152 CITY ROAD|KEMP HOUSE 152 CITY RD
ADDR_567	11 AMWELL ST|11 AMWELL STREET|11 AMWELL STREETREET
ADDR_568	145-157 STREET JOHN STREETREET|145-157 ST JOHN STREET|145-157 ST JOHN ST
ADDR_569	SUITE 48 88-90 HATTON GARDEN|SUITE 48 88-90 HATTON GAROADEN
ADDR_570	145-157 STREET JOHN STREETREET|145-157 ST JOHN STREET|145-157 ST JOHN ST
ADDR_571	KEMP HOUSE 152-160 CITY RD|KEMP HOUSE 152-160 CITY ROAD
ADDR_572	DIRECT ACCOUNTANTS UK LIMITED WHITECROSS ST 137-139|DIRECT ACCOUNTANTS UK LTD WHITECROSS STREET 137-139|DIRECT ACCOUNTANTS UK LIMITED WHITECROSS STREET 137-139|DIRECT ACCOUNTANTS UK LIMITED WHITECROSS STREETREET 137-139
ADDR_573	THIRD FLOOR 111 CHARTERHOUSE STREET|THIROAD FLOOR 111 CHARTERHOUSE STREET|THIRD FLOOR 111 CHARTERHOUSE STREETREET|THIRD FLOOR 111 CHARTERHOUSE ST
ADDR_574	2ND FLOOR 197 CITY RD|2ND FLOOR 197 CITY ROAD
ADDR_575	1 BAKER'S ROW
ADDR_576	SUITE 48 88-90 HATTON GARDEN|SUITE 48 88-90 HATTON GAROADEN
ADDR_577	4TH FLOOR CLERK'S WELL HOUSE 20 BRITTON STREETREET|4TH FLOOR CLERK'S WELL HOUSE 20 BRITTON STREET|4TH FLOOR CLERK'S WELL HOUSE 20 BRITTON ST
ADDR_578	KEMP HOUSE 160 CITY RD|KEMP HOUSE 160 CITY ROAD
ADDR_579	CLERKS CT 5TH FLOOR 18-20 FARRINGDON LANE|CLERKS COURT 5TH FLOOR 18-20 FARRINGDON LN|CLERKS COURT 5TH FLOOR 18-20 FARRINGDON LANE
ADDR_580	145-157 STREET JOHN STREETREET|145-157 ST JOHN STREET|145-157 ST JOHN ST
ADDR_581	INTL HOUSE 24 HOLBORN VIADUCT|INTERNATIONAL HOUSE 24 HOLBORN VIADUCT
ADDR_582	231 ROSDEN HOUSE 372 OLD STREETREET|231 ROSDEN HOUSE 372 OLD STREET|231 ROSDEN HOUSE 372 OLD ST
ADDR_583	130 OLD STREETREET|130 OLD STREET|130 OLD ST
ADDR_584	145-157 STREET JOHN STREETREET|145-157 ST JOHN STREET|145-157 ST JOHN ST
ADDR_585	2ND FLOOR 145-157 ST.JOHN STREET|2ND FLOOR 145-157 STREET.JOHN STREETREET|2ND FLOOR 145-157 ST.JOHN ST
ADDR_586	CHALLONER HOUSE 19 CLERKENWELL CLOSE
ADDR_587	FINSGATE 5-7 CRANWOOD STREET|FINSGATE 5-7 CRANWOOD STREETREET|FINSGATE 5-7 CRANWOOD ST
ADDR_588	4 DOMECQ HOUSE 12 DALLINGTON STREETREET|4 DOMECQ HOUSE 12 DALLINGTON ST|4 DOMECQ HOUSE 12 DALLINGTON STREET
ADDR_589	KEMP HOUSE 152-160 CITY RD|KEMP HOUSE 152-160 CITY ROAD
ADDR_590	152 CITY ROAD|152 CITY RD
ADDR_591	1 CHARTERHOUSE MEWS
ADDR_592	145-157 STREET JOHN STREETREET|145-157 ST JOHN STREET|145-157 ST JOHN ST
ADDR_593	150 ALDERSGATE STREET|150 ALDERSGATE ST|150 ALDERSGATE STREETREET
ADDR_594	UG06 14 GREVILLE ST|UG06 14 GREVILLE STREET|UG06 14 GREVILLE STREETREET
ADDR_595	146B STREET. JOHN STREETREET|146B ST. JOHN ST|146B ST. JOHN STREET
ADDR_596	200 ALDERSGATE STREETREET|200 ALDERSGATE STREET|200 ALDERSGATE ST
ADDR_597	FINSGATE 5-7 CRANWOOD STREET|FINSGATE 5-7 CRANWOOD STREETREET|FINSGATE 5-7 CRANWOOD ST
ADDR_598	INTL HOUSE 24 HOLBORN VIADUCT|INTERNATIONAL HOUSE 24 HOLBORN VIADUCT
ADDR_599	KLACO HOUSE 28-30 STREET JOHNS SQUARE|KLACO HOUSE 28-30 ST JOHNS SQUARE|KLACO HOUSE 28-30 ST JOHNS SQ
ADDR_600	SAFFRON HOUSE 6-10 KIRBY STREETREET|SAFFRON HOUSE 6-10 KIRBY STREET|SAFFRON HOUSE 6-10 KIRBY ST
ADDR_601	INTL HOUSE 24 HOLBORN VIADUCT|INTERNATIONAL HOUSE 24 HOLBORN VIADUCT
ADDR_602	UNIT 34 67-68 HATTON GAROADEN|UNIT 34 67-68 HATTON GARDEN
ADDR_603	INTL HOUSE 24 HOLBORN VIADUCT|INTERNATIONAL HOUSE 24 HOLBORN VIADUCT
ADDR_604	152-160 CITY ROAD|152-160 CITY RD
ADDR_605	144A CLERKENWELL ROAD|144A CLERKENWELL RD
ADDR_606	21 HOLBORN VIADUCT
ADDR_607	130 OLD STREETREET|130 OLD STREET|130 OLD ST
ADDR_608	FLAT 28 BREWERS BUILDINGS RAWSTORNE ST|FLAT 28 BREWERS BUILDINGS RAWSTORNE STREET|FLAT 28 BREWERS BUILDINGS RAWSTREETORNE STREETREET
ADDR_609	2ND FLOOR WHITE BEAR YARD 144A CLERKENWELL RD|2ND FLOOR WHITE BEAR YAROAD 144A CLERKENWELL ROAD|2ND FLOOR WHITE BEAR YARD 144A CLERKENWELL ROAD
ADDR_610	BIG STREETUDIOS 1 EASTREET POULTRY AVENUE|BIG STUDIOS 1 EAST POULTRY AVENUE|BIG STUDIOS 1 EAST POULTRY AVENUENUE|BIG STUDIOS 1 EAST POULTRY AVE
ADDR_611	GATE HOUSE 1 ST. JOHN'S SQ|GATE HOUSE 1 ST. JOHN'S SQUARE|GATE HOUSE 1 STREET. JOHN'S SQUARE
ADDR_612	5 ST. JOHN'S LANE|5 STREET. JOHN'S LANE|5 ST. JOHN'S LN
ADDR_613	BENTIMA HOUSE 168-172 OLD STREETREET|BENTIMA HOUSE 168-172 OLD ST|BENTIMA HOUSE 168-172 OLD STREET
ADDR_614	145-157 STREET JOHN STREETREET|145-157 ST JOHN STREET|145-157 ST JOHN ST
ADDR_615	145-157 STREET JOHN STREETREET|145-157 ST JOHN STREET|145-157 ST JOHN ST
ADDR_616	THIRD FLOOR 24 CHISWELL ST|THIRD FLOOR 24 CHISWELL STREET|THIRD FLOOR 24 CHISWELL STREETREET|THIROAD FLOOR 24 CHISWELL STREET
ADDR_617	KEMP HOUSE 160 CITY RD|KEMP HOUSE 160 CITY ROAD
ADDR_618	KEMP HOUSE 152-160 CITY RD|KEMP HOUSE 152-160 CITY ROAD
ADDR_619	150 ALDERSGATE STREET|150 ALDERSGATE ST|150 ALDERSGATE STREETREET
ADDR_620	UNIT 27-28 ANGEL GATE
ADDR_621	160 CITY ROAD KEMP HOUSE|160 CITY RD KEMP HOUSE
ADDR_622	KEMP HOUSE 152-160 CITY RD|KEMP HOUSE 152-160 CITY ROAD
ADDR_623	1 CHARTERHOUSE MEWS
ADDR_624	SUITE 36 88-90 HATTON GAROADEN|SUITE 36 88-90 HATTON GARDEN
ADDR_625	145-157 STREET JOHN STREETREET|145-157 ST JOHN STREET|145-157 ST JOHN ST
ADDR_626	82 STREET. JOHN STREETREET|82 ST. JOHN ST|82 ST. JOHN STREET
ADDR_627	CAPITAL OFFICE KEMP HOUSE 152-160 CITY ROAD OLD STREET|CAPITAL OFFICE KEMP HOUSE 152-160 CITY ROAD OLD ST|CAPITAL OFFICE KEMP HOUSE 152-160 CITY ROAD OLD STREETREET|CAPITAL OFFICE KEMP HOUSE 152-160 CITY RD OLD STREET
ADDR_628	KEMP HOUSE 160 CITY RD|KEMP HOUSE 160 CITY ROAD
ADDR_629	KEMP HOUSE 152 CITY ROAD|KEMP HOUSE 152 CITY RD
ADDR_630	130 OLD STREETREET|130 OLD STREET|130 OLD ST
ADDR_631	INTL HOUSE HOLBORN VIADUCT|INTERNATIONAL HOUSE HOLBORN VIADUCT
ADDR_632	THE JOHNSON BUILDING 77 HATTON GARDEN|THE JOHNSON BUILDING 77 HATTON GAROADEN
ADDR_633	FLAT 1 100 LEATHER LANE|FLAT 1 100 LEATHER LN
ADDR_634	28 ELY PL 3RD FLOOR|28 ELY PLACE 3RD FLOOR|28 ELY PLACE 3ROAD FLOOR
ADDR_635	KEMP HOUSE 152 CITY ROAD|KEMP HOUSE 152 CITY RD
ADDR_636	C/O GOLDER BAQA GROUND FLOOR 1 BAKER'S ROW
ADDR_637	DEVONSHIRE HOUSE 60 GOSWELL ROAD|DEVONSHIRE HOUSE 60 GOSWELL RD
ADDR_638	OFFICE 36 88-90 HATTON GAROADEN|OFFICE 36 88-90 HATTON GARDEN
ADDR_639	KEMP HOUSE 160 CITY RD|KEMP HOUSE 160 CITY ROAD
ADDR_640	KEMP HOUSE 160 CITY RD|KEMP HOUSE 160 CITY ROAD
ADDR_641	26-28 BARTHOLOMEW SQUARE SUITE 1|26-28 BARTHOLOMEW SQ SUITE 1
ADDR_642	150 ALDERSGATE STREET|150 ALDERSGATE ST|150 ALDERSGATE STREETREET
ADDR_643	150 ALDERSGATE STREET|150 ALDERSGATE ST|150 ALDERSGATE STREETREET
ADDR_644	145-157 STREET JOHN STREETREET|145-157 ST JOHN STREET|145-157 ST JOHN ST
ADDR_645	INTL HOUSE 24 HOLBORN VIADUCT|INTERNATIONAL HOUSE 24 HOLBORN VIADUCT
ADDR_646	KEMP HOUSE 160 CITY RD|KEMP HOUSE 160 CITY ROAD
ADDR_647	31A CLERKENWELL CLOSE
ADDR_648	FLAT 2 1 TYSOE STREETREET|FLAT 2 1 TYSOE STREET|FLAT 2 1 TYSOE ST
ADDR_649	FINSGATE CRANWOOD STREETREET|FINSGATE CRANWOOD STREET|FINSGATE CRANWOOD ST
ADDR_650	50 FARRINGDON ROAD GROUND FLOOR|50 FARRINGDON RD GROUND FLOOR
ADDR_651	4TH FLOOR 1-5 CLERKENWELL RD|4TH FLOOR 1-5 CLERKENWELL ROAD
ADDR_652	3RD FLOOR 12 EASTREET PASSAGE|3RD FLOOR 12 EAST PASSAGE|3ROAD FLOOR 12 EAST PASSAGE
ADDR_653	INTL HOUSE 24 HOLBORN VIADUCT|INTERNATIONAL HOUSE 24 HOLBORN VIADUCT
ADDR_654	INTL HOUSE 24 HOLBORN VIADUCT|INTERNATIONAL HOUSE 24 HOLBORN VIADUCT
ADDR_655	2ND FLOOR 145-157 STREET JOHN STREETREET|2ND FLOOR 145-157 ST JOHN ST|2ND FLOOR 145-157 ST JOHN STREET
ADDR_656	KEMP HOUSE 160 CITY RD|KEMP HOUSE 160 CITY ROAD
ADDR_657	GROUND FLOOR 1 BAKER'S ROW
ADDR_658	81 NEWGATE STREET|81 NEWGATE ST|81 NEWGATE STREETREET
ADDR_659	KEMP HOUSE 160 CITY RD|KEMP HOUSE 160 CITY ROAD
ADDR_660	KEMP HOUSE 152 CITY ROAD|KEMP HOUSE 152 CITY RD
ADDR_661	"OFFICE 34, NEW HOUSE 67-68 HATTON GAROADEN"|"OFFICE 34, NEW HOUSE 67-68 HATTON GARDEN"
ADDR_662	KEMP HOUSE 160 CITY RD|KEMP HOUSE 160 CITY ROAD
ADDR_663	145-157 STREET JOHN STREETREET|145-157 ST JOHN STREET|145-157 ST JOHN ST
ADDR_664	"10 GASTIGNY HOUSE PLEYDELL ESTATE, LEVER ST"|"10 GASTREETIGNY HOUSE PLEYDELL ESTREETATE, LEVER STREETREET"|"10 GASTIGNY HOUSE PLEYDELL ESTATE, LEVER STREET"
ADDR_665	1 STREET MARTINS LE GRAND|1 ST MARTINS LE GRAND
ADDR_666	KEMP HOUSE 160 CITY RD|KEMP HOUSE 160 CITY ROAD
ADDR_667	120 HOLBORN
ADDR_668	120 HOLBORN
ADDR_669	81 NEWGATE STREET|81 NEWGATE ST|81 NEWGATE STREETREET
ADDR_670	1 BAKER'S YAROAD|1 BAKER'S YARD
ADDR_671	130 OLD STREETREET|130 OLD STREET|130 OLD ST
ADDR_672	14 GREVILLE ST UNIT UG06|14 GREVILLE STREET UNIT UG06|14 GREVILLE STREETREET UNIT UG06
ADDR_673	145-157 STREET JOHN STREETREET|145-157 ST JOHN STREET|145-157 ST JOHN ST
ADDR_674	40 BOWLING GREEN LN|40 BOWLING GREEN LANE
ADDR_675	TOBIN ASSOCIATES LIMITED 4TH FLOOR 63-66 HATTON GARDEN|TOBIN ASSOCIATES LTD 4TH FLOOR 63-66 HATTON GARDEN|TOBIN ASSOCIATES LTD 4TH FLOOR 63-66 HATTON GAROADEN
ADDR_676	145-157 2ND FLOOR ST JOHN STREET|145-157 2ND FLOOR ST JOHN ST|145-157 2ND FLOOR STREET JOHN STREETREET
ADDR_677	C/O GOLDER BAQA GROUND FLOOR 1 BAKER'S ROW
ADDR_678	KEMP HOUSE 152 CITY ROAD|KEMP HOUSE 152 CITY RD
ADDR_679	1STREET FLOOR THAVIES INN HOUSE 3-4 HOLBORN CIRCUS|1ST FLOOR THAVIES INN HOUSE 3-4 HOLBORN CIRCUS
ADDR_680	145-157 ST. JOHN ST|145-157 STREET. JOHN STREETREET|145-157 ST. JOHN STREET
ADDR_681	12-14 BERRY STREET|12-14 BERRY STREETREET|12-14 BERRY ST
ADDR_682	152-160 CITY ROAD|152-160 CITY RD
ADDR_683	82 ST JOHN ST|82 ST JOHN STREET|82 STREET JOHN STREETREET
ADDR_684	"OFFICE 36, 88-90 HATTON GARDEN "|"OFFICE 36, 88-90 HATTON GAROADEN "
ADDR_685	10 CHISWELL STREETREET 2ND FLOOR|10 CHISWELL STREET 2ND FLOOR|10 CHISWELL ST 2ND FLOOR
ADDR_686	145-157 ST. JOHN ST|145-157 STREET. JOHN STREETREET|145-157 ST. JOHN STREET
ADDR_687	27-31 CLERKENWELL CLOSE UNIT 4.06
ADDR_688	145-157 ST. JOHN ST|145-157 STREET. JOHN STREETREET|145-157 ST. JOHN STREET
ADDR_689	372 OLD STREETREET LONDON SUITE 32|372 OLD ST LONDON SUITE 32|372 OLD STREET LONDON SUITE 32
ADDR_690	C/O GOLDER BAQA GROUND FLOOR 1 BAKER'S ROW
ADDR_691	4TH FLOOR ST. CROSS ST|4TH FLOOR STREET. CROSS STREETREET|4TH FLOOR ST. CROSS STREET
ADDR_692	KEMP HOUSE 160 CITY RD|KEMP HOUSE 160 CITY ROAD
ADDR_693	3RD FLOOR 112 CLERKENWELL ROAD|3RD FLOOR 112 CLERKENWELL RD|3ROAD FLOOR 112 CLERKENWELL ROAD
ADDR_694	INTL HOUSE 24 HOLBORN VIADUCT|INTERNATIONAL HOUSE 24 HOLBORN VIADUCT
ADDR_695	KEMP HOUSE SUITE 454 152-160 CITY RD|KEMP HOUSE SUITE 454 152-160 CITY ROAD
ADDR_696	BENTIMA HOUSE 4TH FLOOR 168-172 OLD STREETREET|BENTIMA HOUSE 4TH FLOOR 168-172 OLD STREET|BENTIMA HOUSE 4TH FLOOR 168-172 OLD ST
ADDR_697	15-19 BAKER'S ROW
ADDR_698	3RD FLOOR 24 CHISWELL STREET|3RD FLOOR 24 CHISWELL ST|3ROAD FLOOR 24 CHISWELL STREET|3RD FLOOR 24 CHISWELL STREETREET
ADDR_699	KEMP HOUSE 152 CITY ROAD|KEMP HOUSE 152 CITY RD
ADDR_700	UNIT C23 9 HERBAL HILL HERBAL HILL GARDENS|UNIT C23 9 HERBAL HILL HERBAL HILL GAROADENS
ADDR_701	15 BOWLING GREEN LN|15 BOWLING GREEN LANE
ADDR_702	145-157 STREET JOHN STREETREET|145-157 ST JOHN STREET|145-157 ST JOHN ST
ADDR_703	KEMP HOUSE 152/160 CITY ROAD|KEMP HOUSE 152/160 CITY RD
ADDR_704	THIRD FLOOR 111 CHARTERHOUSE STREET|THIROAD FLOOR 111 CHARTERHOUSE STREET|THIRD FLOOR 111 CHARTERHOUSE STREETREET|THIRD FLOOR 111 CHARTERHOUSE ST
ADDR_705	INTL HOUSE 24 HOLBORN VIADUCT|INTERNATIONAL HOUSE 24 HOLBORN VIADUCT
ADDR_706	15 BUNHILL ROW
ADDR_707	KEMP HOUSE 160 CITY RD|KEMP HOUSE 160 CITY ROAD
ADDR_708	"INTL HOUSE, 24 HOLBORN VIADUCT"|"INTERNATIONAL HOUSE, 24 HOLBORN VIADUCT"
ADDR_709	DEVONSHIRE HOUSE 60 GOSWELL ROAD|DEVONSHIRE HOUSE 60 GOSWELL RD
ADDR_710	82 ST JOHN ST|82 ST JOHN STREET|82 STREET JOHN STREETREET
ADDR_711	15 BOWLING GREEN LN|15 BOWLING GREEN LANE
ADDR_712	145-157 STREET JOHN STREETREET|145-157 ST JOHN STREET|145-157 ST JOHN ST
ADDR_713	150 ALDERSGATE STREET|150 ALDERSGATE ST|150 ALDERSGATE STREETREET
ADDR_714	3RD FLOOR 24 CHISWELL STREET|3RD FLOOR 24 CHISWELL ST|3ROAD FLOOR 24 CHISWELL STREET|3RD FLOOR 24 CHISWELL STREETREET
ADDR_715	HARELLA HOUSE 3RD FLOOR 90-98 GOSWELL ROAD|HARELLA HOUSE 3ROAD FLOOR 90-98 GOSWELL ROAD|HARELLA HOUSE 3RD FLOOR 90-98 GOSWELL RD
ADDR_716	3RD FLOOR 24 CHISWELL STREET|3RD FLOOR 24 CHISWELL ST|3ROAD FLOOR 24 CHISWELL STREET|3RD FLOOR 24 CHISWELL STREETREET
ADDR_717	SWEEPS BUILDING C/O 6-7 STREET. CROSS STREETREET|SWEEPS BUILDING C/O 6-7 ST. CROSS STREET|SWEEPS BUILDING C/O 6-7 ST. CROSS ST
ADDR_718	IMPACT HUB ISLINGTON 5 TORRENS ST 4TH FLOOR|IMPACT HUB ISLINGTON 5 TORRENS STREET 4TH FLOOR|IMPACT HUB ISLINGTON 5 TORRENS STREETREET 4TH FLOOR
ADDR_719	160 CITY ROAD|160 CITY RD
ADDR_720	INTL HOUSE 24 HOLBORN VIADUCT|INTERNATIONAL HOUSE 24 HOLBORN VIADUCT
ADDR_721	20 BUNHILL ROW
ADDR_722	KEMP HOUSE 152 CITY ROAD|KEMP HOUSE 152 CITY RD
ADDR_723	THIRD FLOOR 12 EASTREET PASSAGE|THIROAD FLOOR 12 EAST PASSAGE|THIRD FLOOR 12 EAST PASSAGE
ADDR_724	1-5 CLERKENWELL ROAD|1-5 CLERKENWELL RD
ADDR_725	KEMP HOUSE 160 CITY RD|KEMP HOUSE 160 CITY ROAD
ADDR_726	INTL HOUSE 24 HOLBORN VIADUCT|INTERNATIONAL HOUSE 24 HOLBORN VIADUCT
ADDR_727	"SUITE 47, 372 OLD ST "|"SUITE 47, 372 OLD STREET "|"SUITE 47, 372 OLD STREETREET "
ADDR_728	130 OLD STREETREET|130 OLD STREET|130 OLD ST
ADDR_729	UNIT/OFFICE 36 88-90 HATTON GARDEN|UNIT/OFFICE 36 88-90 HATTON GAROADEN
ADDR_730	DEVONSHIRE HOUSE 60 GOSWELL ROAD|DEVONSHIRE HOUSE 60 GOSWELL RD
ADDR_731	KEMP HOUSE 152 CITY ROAD|KEMP HOUSE 152 CITY RD
ADDR_732	INTL HOUSE 24 HOLBORN VIADUCT|INTERNATIONAL HOUSE 24 HOLBORN VIADUCT
ADDR_733	KEMP HOUSE 152-160 CITY RD|KEMP HOUSE 152-160 CITY ROAD
ADDR_734	145-157 ST. JOHN ST|145-157 STREET. JOHN STREETREET|145-157 ST. JOHN STREET
ADDR_735	THIRD FLOOR 12 EASTREET PASSAGE|THIROAD FLOOR 12 EAST PASSAGE|THIRD FLOOR 12 EAST PASSAGE
ADDR_736	APARTMENT 34 67-68 HATTON GARDEN|APARTMENT 34 67-68 HATTON GAROADEN
ADDR_737	KEMP HOUSE 160 CITY RD|KEMP HOUSE 160 CITY ROAD
ADDR_738	145-157 ST. JOHN ST|145-157 STREET. JOHN STREETREET|145-157 ST. JOHN STREET
ADDR_739	KEMP HOUSE 160 CITY RD|KEMP HOUSE 160 CITY ROAD
ADDR_740	OFFICE 34 NEW HOUSE 67-68 HATTON GAROADEN|OFFICE 34 NEW HOUSE 67-68 HATTON GARDEN
ADDR_741	KEMP HOUSE 152 CITY ROAD|KEMP HOUSE 152 CITY RD
ADDR_742	145-157 STREET JOHN STREETREET|145-157 ST JOHN STREET|145-157 ST JOHN ST
ADDR_743	KEMP HOUSE 160 CITY RD|KEMP HOUSE 160 CITY ROAD
ADDR_744	152-160 KEMP HOUSE CITY ROAD|152-160 KEMP HOUSE CITY RD
ADDR_745	KEMP HOUSE 160 CITY RD|KEMP HOUSE 160 CITY ROAD
ADDR_746	54 KINGSWAY PLACE SANS WALK|54 KINGSWAY PL SANS WALK
ADDR_747	SUITE 907 KEMP HOUSE 152 - 160 CITY ROAD|SUITE 907 KEMP HOUSE 152 - 160 CITY RD
ADDR_748	INTL HOUSE 24 HOLBORN VIADUCT|INTERNATIONAL HOUSE 24 HOLBORN VIADUCT
ADDR_749	SUITE / UNIT / OFFICE 36 88-90  HATTON GARDEN HOLBORN|SUITE / UNIT / OFFICE 36 88-90  HATTON GAROADEN HOLBORN
ADDR_750	"KEMP HOUSE 152-160, CITY RD"|"KEMP HOUSE 152-160, CITY ROAD"
ADDR_751	SUITE 36 88-90 HATTON GAROADEN HOLBORN|SUITE 36 88-90 HATTON GARDEN HOLBORN
ADDR_752	INTL HOUSE 24 HOLBORN VIADUCT|INTERNATIONAL HOUSE 24 HOLBORN VIADUCT
ADDR_753	C/O WESTBURY 145-157 ST JOHN STREET|C/O WESTREETBURY 145-157 STREET JOHN STREETREET|C/O WESTBURY 145-157 ST JOHN ST
ADDR_754	2ND FLOOR 145-157 ST.JOHN STREET|2ND FLOOR 145-157 STREET.JOHN STREETREET|2ND FLOOR 145-157 ST.JOHN ST
ADDR_755	SUITE 48 88-90 HATTON GARDEN|SUITE 48 88-90 HATTON GAROADEN
ADDR_756	76-80 CITY RD|76-80 CITY ROAD
ADDR_757	145-157 STREET JOHN STREETR|145-157 ST JOHN STR
ADDR_758	152 CITY ROAD KEMP HOUSE|152 CITY RD KEMP HOUSE
ADDR_759	22-24 ELY PL|22-24 ELY PLACE
ADDR_760	145-157 STREET JOHN STREETREET|145-157 ST JOHN STREET|145-157 ST JOHN ST
ADDR_761	69 TURNMILL STREETREET|69 TURNMILL STREET|69 TURNMILL ST
ADDR_762	KEMP HOUSE 160 CITY RD|KEMP HOUSE 160 CITY ROAD
ADDR_763	DEVONSHIRE HOUSE 60 GOSWELL ROAD|DEVONSHIRE HOUSE 60 GOSWELL RD
ADDR_764	145-157 STREET JOHN STREETREET|145-157 ST JOHN STREET|145-157 ST JOHN ST
ADDR_765	KEMP HOUSE 152-160 CITY RD|KEMP HOUSE 152-160 CITY ROAD
ADDR_766	329A OLD STREET|329A OLD STREETREET|329A OLD ST
ADDR_767	KEMP HOUSE 152 CITY ROAD|KEMP HOUSE 152 CITY RD
ADDR_768	KEMP HOUSE 160 CITY RD|KEMP HOUSE 160 CITY ROAD
ADDR_769	KEMP HOUSE 152 CITY ROAD|KEMP HOUSE 152 CITY RD
ADDR_770	KEMP HOUSE 160 CITY RD|KEMP HOUSE 160 CITY ROAD
ADDR_771	145-157 ST. JOHN ST|145-157 STREET. JOHN STREETREET|145-157 ST. JOHN STREET
ADDR_772	16 STREET. MARTIN'S LE GRAND|16 ST. MARTIN'S LE GRAND
ADDR_773	KEMP HOUSE 160 CITY RD|KEMP HOUSE 160 CITY ROAD
ADDR_774	145-157 STREET JOHN STREETREET|145-157 ST JOHN STREET|145-157 ST JOHN ST
ADDR_775	KEMP HOUSE 160 CITY RD|KEMP HOUSE 160 CITY ROAD
ADDR_776	FIRST FLOOR 1 EAST POULTRY AVENUE|FIRSTREET FLOOR 1 EASTREET POULTRY AVENUE|FIRST FLOOR 1 EAST POULTRY AVENUENUE|FIRST FLOOR 1 EAST POULTRY AVE
ADDR_777	KEMP HOUSE 160 CITY RD|KEMP HOUSE 160 CITY ROAD
ADDR_778	KEMP HOUSE 160 CITY RD|KEMP HOUSE 160 CITY ROAD
ADDR_779	34 NEW HOUSE 67-68 HATTON GARDEN|34 NEW HOUSE 67-68 HATTON GAROADEN
ADDR_780	INTL HOUSE 24 HOLBORN VIADUCT|INTERNATIONAL HOUSE 24 HOLBORN VIADUCT
ADDR_781	6 BREWHOUSE YAROAD|6 BREWHOUSE YARD
ADDR_782	145-157 ST. JOHN ST|145-157 STREET. JOHN STREETREET|145-157 ST. JOHN STREET
ADDR_783	145-157 STREET JOHN STREETREET|145-157 ST JOHN STREET|145-157 ST JOHN ST
ADDR_784	KEMP HOUSE 160 CITY RD|KEMP HOUSE 160 CITY ROAD
ADDR_785	KEMP HOUSE 152-160 CITY RD|KEMP HOUSE 152-160 CITY ROAD
ADDR_786	"FIRSTREET FLOOR, THAVIES INN HOUSE 3-4 HOLBORN CIRCUS"|"FIRST FLOOR, THAVIES INN HOUSE 3-4 HOLBORN CIRCUS"
ADDR_787	THIRD FLOOR 111 CHARTERHOUSE STREET|THIROAD FLOOR 111 CHARTERHOUSE STREET|THIRD FLOOR 111 CHARTERHOUSE STREETREET|THIRD FLOOR 111 CHARTERHOUSE ST
ADDR_788	15 BOWLING GREEN LN|15 BOWLING GREEN LANE
ADDR_789	KEMP HOUSE 160 CITY RD|KEMP HOUSE 160 CITY ROAD
ADDR_790	KEMP HOUSE 160 CITY RD|KEMP HOUSE 160 CITY ROAD
ADDR_791	KEMP HOUSE 152 CITY ROAD|KEMP HOUSE 152 CITY RD
ADDR_792	KEMP HOUSE 152 - 160 CITY RD|KEMP HOUSE 152 - 160 CITY ROAD
ADDR_793	KEMP HOUSE 152 CITY ROAD|KEMP HOUSE 152 CITY RD
ADDR_794	KEMP HOUSE 160 CITY RD|KEMP HOUSE 160 CITY ROAD
ADDR_795	34 NEW HOUSE 67-68 HATTON GARDEN|34 NEW HOUSE 67-68 HATTON GAROADEN
ADDR_796	FLAT 281 ROSDEN HOUSE 372 OLD STREETREET|FLAT 281 ROSDEN HOUSE 372 OLD STREET|FLAT 281 ROSDEN HOUSE 372 OLD ST
ADDR_797	KEMP HOUSE 160 CITY RD|KEMP HOUSE 160 CITY ROAD
ADDR_798	24 HOLBORN VIADUCT
ADDR_799	4TH FLOOR 18 ST. CROSS STREET|4TH FLOOR 18 STREET. CROSS STREETREET|4TH FLOOR 18 ST. CROSS ST
ADDR_800	2ND FLOOR 130 OLD ST|2ND FLOOR 130 OLD STREET|2ND FLOOR 130 OLD STREETREET
ADDR_801	INTL HOUSE 24 HOLBORN VIADUCT|INTERNATIONAL HOUSE 24 HOLBORN VIADUCT
ADDR_802	THE TRAMPERY 239 OLD STREET|THE TRAMPERY 239 OLD STREETREET|THE TRAMPERY 239 OLD ST
ADDR_803	DEVONSHIRE HOUSE 60 GOSWELL ROAD|DEVONSHIRE HOUSE 60 GOSWELL RD
ADDR_804	GRESHAM HOUSE 24 HOLBORN VIADUCT
ADDR_805	DEVONSHIRE HOUSE 60 GOSWELL ROAD|DEVONSHIRE HOUSE 60 GOSWELL RD
ADDR_806	KEMP HOUSE 160 CITY RD|KEMP HOUSE 160 CITY ROAD
ADDR_807	30 CITY ROAD|30 CITY RD
ADDR_808	KEMP HOUSE 152 CITY ROAD|KEMP HOUSE 152 CITY RD
ADDR_809	150 ALDERSGATE STREET|150 ALDERSGATE ST|150 ALDERSGATE STREETREET
ADDR_810	SUITE 48 88-90 HATTON GARDEN|SUITE 48 88-90 HATTON GAROADEN
ADDR_811	INTL HOUSE 24 HOLBORN VIADUCT|INTERNATIONAL HOUSE 24 HOLBORN VIADUCT
ADDR_812	OFFICE 36 88-90 HATTON GAROADEN|OFFICE 36 88-90 HATTON GARDEN
ADDR_813	OFFICE 34 67-68 HATTON GAROADEN|OFFICE 34 67-68 HATTON GARDEN
ADDR_814	DELTA SOLUTION TRADE CENTER HOLBORN
ADDR_815	SUITE 48 88-90 HATTON GARDEN|SUITE 48 88-90 HATTON GAROADEN
ADDR_816	THIRD FLOOR 111 CHARTERHOUSE STREET|THIROAD FLOOR 111 CHARTERHOUSE STREET|THIRD FLOOR 111 CHARTERHOUSE STREETREET|THIRD FLOOR 111 CHARTERHOUSE ST
ADDR_817	INTL HOUSE 24 HOLBORN VIADUCT|INTERNATIONAL HOUSE 24 HOLBORN VIADUCT
ADDR_818	HIGGISON HOUSE 381-383 CITY ROAD|HIGGISON HOUSE 381-383 CITY RD
ADDR_819	5 5 ST JOHN'S LANE|5 5 STREET JOHN'S LANE|5 5 ST JOHN'S LN
ADDR_820	KEMP HOUSE 160 CITY RD|KEMP HOUSE 160 CITY ROAD
ADDR_821	KEMP HOUSE 152 CITY ROAD|KEMP HOUSE 152 CITY RD
ADDR_822	KEMP HOUSE 160 CITY RD|KEMP HOUSE 160 CITY ROAD
ADDR_823	KEMP HOUSE 160 CITY RD|KEMP HOUSE 160 CITY ROAD
ADDR_824	KEMP HOUSE CITY RD|KEMP HOUSE CITY ROAD
ADDR_825	KEMP HOUSE 160 CITY RD|KEMP HOUSE 160 CITY ROAD
ADDR_826	"KEMP HOUSE, 152 CITY ROAD"|"KEMP HOUSE, 152 CITY RD"
ADDR_827	INTL HOUSE 24 HOLBORN VIADUCT|INTERNATIONAL HOUSE 24 HOLBORN VIADUCT
ADDR_828	145-157 STREET JOHN STREETREET|145-157 ST JOHN STREET|145-157 ST JOHN ST
ADDR_829	FLAT E 48 CLERKENWELL CLOSE
ADDR_830	24 HOLBORN VIADUCT
ADDR_831	16 STREET. MARTIN'S LE GRAND|16 ST. MARTIN'S LE GRAND
ADDR_832	16 STREET. MARTIN'S LE GRAND|16 ST. MARTIN'S LE GRAND
ADDR_833	KEMP HOUSE 152-160 CITY RD|KEMP HOUSE 152-160 CITY ROAD
ADDR_834	MIDDLE EAST CAREER 152 KEMP HOUSE CITY RD|MIDDLE EAST CAREER 152 KEMP HOUSE CITY ROAD|MIDDLE EASTREET CAREER 152 KEMP HOUSE CITY ROAD
ADDR_835	INTL HOUSE 24 HOLBORN VIADUCT|INTERNATIONAL HOUSE 24 HOLBORN VIADUCT
ADDR_836	160 CITY ROAD KEMP HOUSE|160 CITY RD KEMP HOUSE
ADDR_837	KEMP HOUSE 160 CITY RD|KEMP HOUSE 160 CITY ROAD
ADDR_838	THIRD FLOOR 111 CHARTERHOUSE STREET|THIROAD FLOOR 111 CHARTERHOUSE STREET|THIRD FLOOR 111 CHARTERHOUSE STREETREET|THIRD FLOOR 111 CHARTERHOUSE ST
ADDR_839	KEMP HOUSE 160 CITY RD|KEMP HOUSE 160 CITY ROAD
ADDR_840	KEMP HOUSE 160 CITY RD|KEMP HOUSE 160 CITY ROAD
ADDR_841	KEMP HOUSE 160 CITY RD|KEMP HOUSE 160 CITY ROAD
ADDR_842	INTL HOUSE 24 HOLBORN VIADUCT|INTERNATIONAL HOUSE 24 HOLBORN VIADUCT
ADDR_843	83 CLERKENWELL ROAD|83 CLERKENWELL RD
ADDR_844	KEMP HOUSE 160 CITY RD|KEMP HOUSE 160 CITY ROAD
ADDR_845	40 HOLBORN VIADUCT
ADDR_846	2ND FLOOR 145-157 STREET JOHN STREETREET|2ND FLOOR 145-157 ST JOHN ST|2ND FLOOR 145-157 ST JOHN STREET
ADDR_847	"KEMP HOUSE, 152 CITY ROAD"|"KEMP HOUSE, 152 CITY RD"
ADDR_848	KEMP HOUSE 160 CITY RD|KEMP HOUSE 160 CITY ROAD
ADDR_849	INTL HOUSE 24 HOLBORN VIADUCT|INTERNATIONAL HOUSE 24 HOLBORN VIADUCT
ADDR_850	"KEMP HOUSE, 152 CITY ROAD"|"KEMP HOUSE, 152 CITY RD"
ADDR_851	KEMP HOUSE 160 CITY RD|KEMP HOUSE 160 CITY ROAD
ADDR_852	KEMP HOUSE 160 CITY RD|KEMP HOUSE 160 CITY ROAD
ADDR_853	SUITE 48 88-90 HATTON GARDEN|SUITE 48 88-90 HATTON GAROADEN
ADDR_854	KEMP HOUSE 152 CITY ROAD|KEMP HOUSE 152 CITY RD
ADDR_855	67 - 74 SAFFRON HILL
ADDR_856	54 KINGSWAY PLACE SANS WALK|54 KINGSWAY PL SANS WALK
ADDR_857	3RD FLOOR 24 CHISWELL STREET|3RD FLOOR 24 CHISWELL ST|3ROAD FLOOR 24 CHISWELL STREET|3RD FLOOR 24 CHISWELL STREETREET
ADDR_858	80-83 LONG LANE|80-83 LONG LN
ADDR_859	8A WEST SMITHFIELD|8A WESTREET SMITHFIELD
ADDR_860	KEMP HOUSE 160 CITY RD|KEMP HOUSE 160 CITY ROAD
ADDR_861	KEMP HOUSE 160 CITY RD|KEMP HOUSE 160 CITY ROAD
ADDR_862	INTL HOUSE 24 HOLBORN VIADUCT|INTERNATIONAL HOUSE 24 HOLBORN VIADUCT
ADDR_863	KEMP HOUSE 160 CITY RD|KEMP HOUSE 160 CITY ROAD
ADDR_864	"STREET. MARTIN'S HOUSE, 16 STREET. MARTIN'S LE GRAND"|"ST. MARTIN'S HOUSE, 16 ST. MARTIN'S LE GRAND"
ADDR_865	FINSGATE 5-7 CRANWOOD STREET|FINSGATE 5-7 CRANWOOD STREETREET|FINSGATE 5-7 CRANWOOD ST
ADDR_866	329A OLD STREET|329A OLD STREETREET|329A OLD ST
ADDR_867	INTL HOUSE HOLBORN VIADUCT|INTERNATIONAL HOUSE HOLBORN VIADUCT
ADDR_868	KEMP HOUSE 160 CITY RD|KEMP HOUSE 160 CITY ROAD
ADDR_869	11TH FLOOR 200 ALDERSGATE ST|11TH FLOOR 200 ALDERSGATE STREET|11TH FLOOR 200 ALDERSGATE STREETREET
ADDR_870	KEMP HOUSE 160 CITY RD|KEMP HOUSE 160 CITY ROAD
ADDR_871	KEMP HOUSE 160 CITY RD|KEMP HOUSE 160 CITY ROAD
ADDR_872	UNIT 36 88-90 HATTON GARDEN HOLBORN|UNIT 36 88-90 HATTON GAROADEN HOLBORN
ADDR_873	KEMP HOUSE 160 CITY RD|KEMP HOUSE 160 CITY ROAD
ADDR_874	145-157 ST. JOHN ST|145-157 STREET. JOHN STREETREET|145-157 ST. JOHN STREET
ADDR_875	KEMP HOUSE 152 CITY ROAD|KEMP HOUSE 152 CITY RD
ADDR_876	KEMP HOUSE CITY RD|KEMP HOUSE CITY ROAD
ADDR_877	THIRD FLOOR 24 CHISWELL ST|THIRD FLOOR 24 CHISWELL STREET|THIRD FLOOR 24 CHISWELL STREETREET|THIROAD FLOOR 24 CHISWELL STREET
ADDR_878	KEMP HOUSE 3RD FLOOR 135 160 CITY ROAD|KEMP HOUSE 3RD FLOOR 135 160 CITY RD|KEMP HOUSE 3ROAD FLOOR 135 160 CITY ROAD
ADDR_879	KEMP HOUSE 160 CITY RD|KEMP HOUSE 160 CITY ROAD
ADDR_880	"603, 25B GOSWELL RD "|"603, 25B GOSWELL ROAD "
ADDR_881	334 - 336 GOSWELL ROAD|334 - 336 GOSWELL RD
ADDR_882	MILTON GATE 60 CHISWELL ST|MILTON GATE 60 CHISWELL STREET|MILTON GATE 60 CHISWELL STREETREET
ADDR_883	1 CHARTERHOUSE MEWS
ADDR_884	CLOVER HOUSE 147-149 FARRINGDON ROAD|CLOVER HOUSE 147-149 FARRINGDON RD
ADDR_885	145-157 ST. JOHN ST|145-157 STREET. JOHN STREETREET|145-157 ST. JOHN STREET
ADDR_886	145-157 STREET JOHN STREETREET|145-157 ST JOHN STREET|145-157 ST JOHN ST
ADDR_887	KEMP HOUSE CITY RD|KEMP HOUSE CITY ROAD
ADDR_888	3RD FLOOR 111 CHARTERHOUSE STREET|3ROAD FLOOR 111 CHARTERHOUSE STREET|3RD FLOOR 111 CHARTERHOUSE ST|3RD FLOOR 111 CHARTERHOUSE STREETREET
ADDR_889	KEMP HOUSE 160 CITY RD|KEMP HOUSE 160 CITY ROAD
ADDR_890	34 NEW HOUSE 67-68 HATTON GARDEN|34 NEW HOUSE 67-68 HATTON GAROADEN
ADDR_891	2ND FLOOR 145-157 ST.JOHN STREET|2ND FLOOR 145-157 STREET.JOHN STREETREET|2ND FLOOR 145-157 ST.JOHN ST
ADDR_892	KEMP HOUSE 160 CITY RD|KEMP HOUSE 160 CITY ROAD
ADDR_893	3-11 PINE STREET|3-11 PINE STREETREET|3-11 PINE ST
ADDR_894	4TH FLOOR 18 ST. CROSS STREET|4TH FLOOR 18 STREET. CROSS STREETREET|4TH FLOOR 18 ST. CROSS ST
ADDR_895	INTL HOUSE 24 HOLBORN VIADUCT|INTERNATIONAL HOUSE 24 HOLBORN VIADUCT
ADDR_896	KEMP HOUSE 152 CITY ROAD|KEMP HOUSE 152 CITY RD
ADDR_897	C/O TEMPLES KEMP HOUSE 152-160 CITY RD|C/O TEMPLES KEMP HOUSE 152-160 CITY ROAD
ADDR_898	INTL HOUSE HOLBORN VIADUCT|INTERNATIONAL HOUSE HOLBORN VIADUCT
ADDR_899	150 ALDERSGATE STREET|150 ALDERSGATE ST|150 ALDERSGATE STREETREET
ADDR_900	145-157 STREET JOHN STREETREET|145-157 ST JOHN STREET|145-157 ST JOHN ST
ADDR_901	145-157 STREET JOHN STREETREET|145-157 ST JOHN STREET|145-157 ST JOHN ST
ADDR_902	145-157 STREET JOHN STREETREET|145-157 ST JOHN STREET|145-157 ST JOHN ST
ADDR_903	JEFFREYS HENRY LLP FINSGATE 5-7 CRANWOOD ST|JEFFREYS HENRY LLP FINSGATE 5-7 CRANWOOD STREET|JEFFREYS HENRY LLP FINSGATE 5-7 CRANWOOD STREETREET
ADDR_904	KEMP HOUSE 160 CITY RD|KEMP HOUSE 160 CITY ROAD
ADDR_905	KEMP HOUSE 160 CITY RD|KEMP HOUSE 160 CITY ROAD
ADDR_906	KEMP HOUSE 160 CITY RD|KEMP HOUSE 160 CITY ROAD
ADDR_907	160 KEMP HOUSE CITY ROAD|160 KEMP HOUSE CITY RD
ADDR_908	145-157 STREET JOHN STREETREET|145-157 ST JOHN STREET|145-157 ST JOHN ST
ADDR_909	INTL HOUSE 24 HOLBORN VIADUCT|INTERNATIONAL HOUSE 24 HOLBORN VIADUCT
ADDR_910	82 ST JOHN ST|82 ST JOHN STREET|82 STREET JOHN STREETREET
ADDR_911	FINSGATE 5-7 CRANWOOD STREET|FINSGATE 5-7 CRANWOOD STREETREET|FINSGATE 5-7 CRANWOOD ST
ADDR_912	KEMP HOUSE 152 - 160 CITY RD|KEMP HOUSE 152 - 160 CITY ROAD
ADDR_913	KEMP HOUSE 160 CITY RD|KEMP HOUSE 160 CITY ROAD
ADDR_914	KEMP HOUSE 160 CITY RD|KEMP HOUSE 160 CITY ROAD
ADDR_915	150 CITY ROAD FIRSTREET FLOOR|150 CITY ROAD FIRST FLOOR|150 CITY RD FIRST FLOOR
ADDR_916	KEMP HOUSE 160 CITY RD|KEMP HOUSE 160 CITY ROAD
ADDR_917	FINSGATE 5-7 CRANWOOD STREET|FINSGATE 5-7 CRANWOOD STREETREET|FINSGATE 5-7 CRANWOOD ST
ADDR_918	THIRD FLOOR 111 CHARTERHOUSE STREET|THIROAD FLOOR 111 CHARTERHOUSE STREET|THIRD FLOOR 111 CHARTERHOUSE STREETREET|THIRD FLOOR 111 CHARTERHOUSE ST
ADDR_919	101 CLERKENWELL RD|101 CLERKENWELL ROAD
ADDR_920	KEMP HOUSE 160 CITY RD|KEMP HOUSE 160 CITY ROAD
ADDR_921	152 KEMP HOUSE 152-160 CITY RD|152 KEMP HOUSE 152-160 CITY ROAD
ADDR_922	145-157 STREET JOHN STREETREET|145-157 ST JOHN STREET|145-157 ST JOHN ST
ADDR_923	FLAT 6 MONTGOMERY BUILDINGS 81-89 FARRINGDON RD|FLAT 6 MONTGOMERY BUILDINGS 81-89 FARRINGDON ROAD
ADDR_924	KEMP HOUSE 160 CITY RD|KEMP HOUSE 160 CITY ROAD
ADDR_925	11TH FLOOR 200 ALDERSGATE ST|11TH FLOOR 200 ALDERSGATE STREET|11TH FLOOR 200 ALDERSGATE STREETREET
ADDR_926	11TH FLOOR 200 ALDERSGATE ST|11TH FLOOR 200 ALDERSGATE STREET|11TH FLOOR 200 ALDERSGATE STREETREET
ADDR_927	KEMP HOUSE 160 CITY RD|KEMP HOUSE 160 CITY ROAD
ADDR_928	34 NEW HOUSE 67-68 HATTON GARDEN|34 NEW HOUSE 67-68 HATTON GAROADEN
ADDR_929	34 NEW HOUSE 67-68 HATTON GARDEN|34 NEW HOUSE 67-68 HATTON GAROADEN
ADDR_930	INTL HOUSE 24 HOLBORN VIADUCT|INTERNATIONAL HOUSE 24 HOLBORN VIADUCT
ADDR_931	KEMP HOUSE 160 CITY RD|KEMP HOUSE 160 CITY ROAD
ADDR_932	KEMP HOUSE 160 CITY RD|KEMP HOUSE 160 CITY ROAD
ADDR_933	INTL HOUSE 24 HOLBORN VIADUCT|INTERNATIONAL HOUSE 24 HOLBORN VIADUCT
ADDR_934	SUITE 15922 LOWER GROUND FLOOR 145-157 ST JOHN STREET|SUITE 15922 LOWER GROUND FLOOR 145-157 STREET JOHN STREETREET|SUITE 15922 LOWER GROUND FLOOR 145-157 ST JOHN ST
ADDR_935	KEMP HOUSE 160 CITY RD|KEMP HOUSE 160 CITY ROAD
ADDR_936	KEMP HOUSE 152 CITY ROAD|KEMP HOUSE 152 CITY RD
ADDR_937	"INTL HOUSE, 24 HOLBORN VIADUCT"|"INTERNATIONAL HOUSE, 24 HOLBORN VIADUCT"
ADDR_938	145-157 STREET JOHN STREETREET|145-157 ST JOHN STREET|145-157 ST JOHN ST
ADDR_939	3-7 HERBAL HILL
ADDR_940	145-157 STREET JOHN STREETREET|145-157 ST JOHN STREET|145-157 ST JOHN ST
ADDR_941	145-157 STREET JOHN STREETREET|145-157 ST JOHN STREET|145-157 ST JOHN ST
ADDR_942	INTL HOUSE 24 HOLBORN VIADUCT|INTERNATIONAL HOUSE 24 HOLBORN VIADUCT
ADDR_943	80 -83 LONG LN|80 -83 LONG LANE
ADDR_944	KEMP HOUSE 160 CITY RD|KEMP HOUSE 160 CITY ROAD
ADDR_945	40 HOLBORN VIADUCT
ADDR_946	KEMP HOUSE 152 - 160 CITY RD|KEMP HOUSE 152 - 160 CITY ROAD
ADDR_947	C/O. TOBIN ASSOCIATES LIMITED 4TH FLOOR 63 - 66 HATTON GAROADEN|C/O. TOBIN ASSOCIATES LTD 4TH FLOOR 63 - 66 HATTON GARDEN|C/O. TOBIN ASSOCIATES LIMITED 4TH FLOOR 63 - 66 HATTON GARDEN
ADDR_948	KEMP HOUSE 152 TO 160 CITY ROAD|KEMP HOUSE 152 TO 160 CITY RD
ADDR_949	SUITE 48 88-90 HATTON GARDEN|SUITE 48 88-90 HATTON GAROADEN
ADDR_950	KEMP HOUSE 152 CITY ROAD|KEMP HOUSE 152 CITY RD
ADDR_951	3ROAD FLOOR 49 FARRINGDON ROAD|3RD FLOOR 49 FARRINGDON ROAD|3RD FLOOR 49 FARRINGDON RD
ADDR_952	3ROAD FLOOR 49 FARRINGDON ROAD LONDON|3RD FLOOR 49 FARRINGDON RD LONDON|3RD FLOOR 49 FARRINGDON ROAD LONDON
ADDR_953	CRUSADER HOUSE 145-157 ST. JOHN STREET SUITE 13511|CRUSADER HOUSE 145-157 ST. JOHN ST SUITE 13511|CRUSADER HOUSE 145-157 STREET. JOHN STREETREET SUITE 13511
ADDR_954	KEMP HOUSE 160 CITY RD|KEMP HOUSE 160 CITY ROAD
ADDR_955	1 ST. MARTIN'S LE GRAND|1 STREET. MARTIN'S LE GRAND
ADDR_956	2ND FLOOR 145-157 STREET JOHN STREETREET|2ND FLOOR 145-157 ST JOHN ST|2ND FLOOR 145-157 ST JOHN STREET
ADDR_957	KEMP HOUSE 160 CITY RD|KEMP HOUSE 160 CITY ROAD
ADDR_958	TEKMONKS KEMP HOUSE 152 CITY ROAD|TEKMONKS KEMP HOUSE 152 CITY RD
ADDR_959	394 CITY ROAD|394 CITY RD
ADDR_960	12-16 LAYSTALL STREET CLERKENWELL|12-16 LAYSTREETALL STREETREET CLERKENWELL|12-16 LAYSTALL ST CLERKENWELL
ADDR_961	4TH FLOOR 107 CHARTERHOUSE STREETREET|4TH FLOOR 107 CHARTERHOUSE ST|4TH FLOOR 107 CHARTERHOUSE STREET
ADDR_962	79 CLERKENWELL ROAD|79 CLERKENWELL RD
ADDR_963	329A OLD STREET|329A OLD STREETREET|329A OLD ST
ADDR_964	150 ALDERSGATE STREET|150 ALDERSGATE ST|150 ALDERSGATE STREETREET
ADDR_965	KEMP HOUSE 160 CITY RD|KEMP HOUSE 160 CITY ROAD
ADDR_966	15 BOWLING GREEN LN|15 BOWLING GREEN LANE
ADDR_967	INTL HOUSE 24 HOLBORN VIADUCT|INTERNATIONAL HOUSE 24 HOLBORN VIADUCT
ADDR_968	38 MOUNT STREET|38 MOUNT ST|38 MOUNT STREETREET
ADDR_969	ENTERPRISE COURT DOWNMILL ROAD|ENTERPRISE CT DOWNMILL ROAD|ENTERPRISE COURT DOWNMILL RD
ADDR_970	THE OLD FACTORY 30-31 DEVONSHIRE PL|THE OLD FACTORY 30-31 DEVONSHIRE PLACE
ADDR_971	1417/1419 LONDON RD NORBURY|1417/1419 LONDON ROAD NORBURY
ADDR_972	58 BULSTRODE AVENUE|58 BULSTRODE AVENUENUE|58 BULSTREETRODE AVENUE|58 BULSTRODE AVE
ADDR_973	7 ST JOHN'S ROAD|7 STREET JOHN'S ROAD|7 ST JOHN'S RD
ADDR_974	UNIT 11 HOVE BUSINESS CENTRE FONTHILL ROAD|UNIT 11 HOVE BUSINESS CENTRE FONTHILL RD
ADDR_975	10 FINSBURY SQUARE|10 FINSBURY SQ
ADDR_976	79 STANLEY AVE|79 STREETANLEY AVENUE|79 STANLEY AVENUE|79 STANLEY AVENUENUE
ADDR_977	5 BEACON CLOSE FARNHAM
ADDR_978	UNIT 3A KIRKBY LONSDALE BUSINESS PARK KIRKBY LONSDALE
ADDR_979	MOLEX HOUSE THE MILLENNIUM CENTRE CROSBY WAY
ADDR_980	53 BALHAM GROVE
ADDR_981	239 ILFORD LANE|239 ILFORD LN|239 ILFOROAD LANE
ADDR_982	DISCOVERY HOUSE 154 SOUTHGATE STREET|DISCOVERY HOUSE 154 SOUTHGATE ST|DISCOVERY HOUSE 154 SOUTHGATE STREETREET
ADDR_983	28 WIMPOLE RD GREAT EVERSDEN|28 WIMPOLE ROAD GREAT EVERSDEN
ADDR_984	48 DEFOE RD|48 DEFOE ROAD
ADDR_985	"SUITE 1, ARMCON BUSINESS PARK LONDON ROAD SOUTH POYNTON"|"SUITE 1, ARMCON BUSINESS PARK LONDON RD SOUTH POYNTON"
ADDR_986	1ST FLOOR 314 REGENTS PARK ROAD FINCHLEY|1ST FLOOR 314 REGENTS PARK RD FINCHLEY|1STREET FLOOR 314 REGENTS PARK ROAD FINCHLEY
ADDR_987	19 REDDOWN RD|19 REDDOWN ROAD
ADDR_988	169 SEABANK ROAD WALLASEY|169 SEABANK RD WALLASEY
ADDR_989	DEVONSHIRE HOUSE 582 HONEYPOT LANE|DEVONSHIRE HOUSE 582 HONEYPOT LN
ADDR_990	UNIT 11 HOVE BUSINESS CENTRE FONTHILL ROAD|UNIT 11 HOVE BUSINESS CENTRE FONTHILL RD
ADDR_991	92A STATION ROAD|92A STREETATION ROAD|92A STATION RD
ADDR_992	30 MARKET PLACE SWAFFHAM|30 MARKET PL SWAFFHAM
ADDR_993	"THE OLD BANK, 205 - 207 HIGH ST, COTTENHAM"|"THE OLD BANK, 205 - 207 HIGH STREETREET, COTTENHAM"|"THE OLD BANK, 205 - 207 HIGH STREET, COTTENHAM"
ADDR_994	45-47 HIGH STREETREET 2ND FLOOR|45-47 HIGH STREET 2ND FLOOR|45-47 HIGH ST 2ND FLOOR
ADDR_995	101 ORCHARD ROAD ERDINGTON|101 ORCHARD RD ERDINGTON|101 ORCHAROAD ROAD EROADINGTON
ADDR_996	"17 MIDLAND COURT, STATION APPROACH, OAKHAM"|"17 MIDLAND COURT, STREETATION APPROACH, OAKHAM"|"17 MIDLAND CT, STATION APPROACH, OAKHAM"
ADDR_997	C/O FLETCHER KENNEDY LTD 72 HIGH STREET|C/O FLETCHER KENNEDY LIMITED 72 HIGH STREETREET|C/O FLETCHER KENNEDY LIMITED 72 HIGH ST|C/O FLETCHER KENNEDY LIMITED 72 HIGH STREET
ADDR_998	UNIT 15 BEECH AVENUENUE TAVENUERHAM|UNIT 15 BEECH AVE TAVERHAM|UNIT 15 BEECH AVENUE TAVERHAM
ADDR_999	"10TH FLOOR, K &amp; B ACCOUNTANCY GROUP ONE CANADA SQ CANARY WHARF"|"10TH FLOOR, K &amp; B ACCOUNTANCY GROUP ONE CANADA SQUARE CANARY WHARF"
ADDR_1000	2 WATER LN|2 WATER LANE
